{"payload":{"file_name":"Jupyter interactive"},"type":"file_name"}
{"payload":{"installed_packages":["asttokens==2.1.0","attrs==22.1.0","autopep8==2.0.2","backcall==0.2.0","beautifulsoup4==4.11.1","brotli==1.0.9","category-encoders==2.6.0","certifi==2022.12.7","chardet==5.1.0","charset-normalizer==3.0.1","click==8.1.3","colorama==0.4.6","contourpy==1.0.6","cycler==0.11.0","dash-bootstrap-components==1.3.1","dash-colorscales==0.0.4","dash-core-components==2.0.0","dash-daq==0.5.0","dash-html-components==2.0.0","dash-table==5.0.0","dash==2.8.1","debugpy==1.6.3","decorator==5.1.1","dtale==2.13.0","entrypoints==0.4","et-xmlfile==1.1.0","executing==1.2.0","fastjsonschema==2.16.2","flask-compress==1.13","flask-ngrok==0.0.25","flask==2.2.3","fonttools==4.38.0","future==0.18.3","htmlmin==0.1.12","idna==3.4","imagehash==4.3.1","importlib-metadata==6.0.0","importlib-resources==5.12.0","ipykernel==6.17.1","ipython==8.6.0","itsdangerous==2.1.2","jedi==0.18.1","jinja2==3.1.2","joblib==1.2.0","jsonschema==4.17.3","jupyter-client==7.4.5","jupyter-core==5.0.0","kaleido==0.2.1","kiwisolver==1.4.4","lz4==4.3.2","markupsafe==2.1.2","matplotlib-inline==0.1.6","matplotlib==3.6.0","missingno==0.4.2","multimethod==1.9.1","nbformat==5.7.0","nest-asyncio==1.5.6","networkx==3.0","numpy==1.23.4","openpyxl==3.0.10","packaging==21.3","pandas==1.5.2","parso==0.8.3","patsy==0.5.3","phik==0.12.3","pickleshare==0.7.5","pillow==9.3.0","pip==21.2.4","platformdirs==2.5.3","plotly==5.11.0","prompt-toolkit==3.0.32","psutil==5.9.4","psycopg2==2.9.5","pure-eval==0.2.2","pycodestyle==2.10.0","pydantic==1.10.6","pygments==2.13.0","pyparsing==3.0.9","pyrsistent==0.19.2","python-dateutil==2.8.2","pytz==2022.6","pywavelets==1.4.1","pywin32==305","pyyaml==6.0","pyzmq==24.0.1","requests==2.28.2","schedule==1.1.0","scikit-learn==1.2.2","scipy==1.9.3","seaborn==0.12.1","setuptools==58.1.0","six==1.16.0","sklearn==0.0.post1","soupsieve==2.3.2.post1","squarify==0.4.3","stack-data==0.6.0","statsmodels==0.13.5","strsimpy==0.2.1","sweetviz==2.1.4","tangled-up-in-unicode==0.2.0","tenacity==8.1.0","threadpoolctl==3.1.0","tomli==2.0.1","tornado==6.2","tqdm==4.64.1","traitlets==5.5.0","typeguard==2.13.3","typing-extensions==4.5.0","urllib3==1.26.14","visions==0.7.5","wcwidth==0.2.5","werkzeug==2.2.3","xarray==2023.2.0","xlrd==2.0.1","ydata-profiling==4.1.0","zipp==3.15.0"]},"type":"installed_packages"}
{"payload":{"command":["c:\\Users\\\u043f\u043e\u043b\u044c\u0437\u043e\u0432\u0430\u0442\u0435\u043b\u044c\\AppData\\Local\\Programs\\Python\\Python39\\lib\\site-packages\\ipykernel_launcher.py","--ip=127.0.0.1","--stdin=9003","--control=9001","--hb=9000","--Session.signature_scheme=\"hmac-sha256\"","--Session.key=b\"3c98747c-7cec-4f9a-8c0b-b6493dc5578e\"","--shell=9002","--transport=\"tcp\"","--iopub=9004","--f=c:\\Users\\\u043f\u043e\u043b\u044c\u0437\u043e\u0432\u0430\u0442\u0435\u043b\u044c\\AppData\\Roaming\\jupyter\\runtime\\kernel-v2-96480L7oWwReTwZE.json"],"env":null,"hostname":"\u043a\u043e\u043c\u043f","ip":"192.168.0.104","machine":"AMD64","os":"Windows-10-10.0.19044-SP0","os_release":"10","os_type":"Windows","pid":9308,"processor":"AMD64 Family 21 Model 19 Stepping 1, AuthenticAMD","python_exe":"c:\\Users\\\u043f\u043e\u043b\u044c\u0437\u043e\u0432\u0430\u0442\u0435\u043b\u044c\\AppData\\Local\\Programs\\Python\\Python39\\python.exe","python_version":"3.9.10","python_version_verbose":"3.9.10 (tags/v3.9.10:f2f3f53, Jan 17 2022, 15:14:21) [MSC v.1929 64 bit (AMD64)]","user":"drive867"},"type":"system_details"}
{"payload":{"local_timestamp":1680799541665,"param":{"paramName":"ip","paramValue":"127.0.0.1","source":"cli","step":null}},"type":"parameter_msg"}
{"payload":{"local_timestamp":1680799541666,"param":{"paramName":"stdin","paramValue":9003,"source":"cli","step":null}},"type":"parameter_msg"}
{"payload":{"local_timestamp":1680799541666,"param":{"paramName":"control","paramValue":9001,"source":"cli","step":null}},"type":"parameter_msg"}
{"payload":{"local_timestamp":1680799541666,"param":{"paramName":"hb","paramValue":9000,"source":"cli","step":null}},"type":"parameter_msg"}
{"payload":{"local_timestamp":1680799541666,"param":{"paramName":"Session.signature_scheme","paramValue":"hmac-sha256","source":"cli","step":null}},"type":"parameter_msg"}
{"payload":{"local_timestamp":1680799541666,"params":{"paramName":"Session.key","paramValue":[51,99,57,56,55,52,55,99,45,55,99,101,99,45,52,102,57,97,45,56,99,48,98,45,98,54,52,57,51,100,99,53,53,55,56,101],"source":"cli","step":null}},"type":"parameter_msg"}
{"payload":{"local_timestamp":1680799541666,"param":{"paramName":"shell","paramValue":9002,"source":"cli","step":null}},"type":"parameter_msg"}
{"payload":{"local_timestamp":1680799541666,"param":{"paramName":"transport","paramValue":"tcp","source":"cli","step":null}},"type":"parameter_msg"}
{"payload":{"local_timestamp":1680799541666,"param":{"paramName":"iopub","paramValue":9004,"source":"cli","step":null}},"type":"parameter_msg"}
{"payload":{"local_timestamp":1680799541667,"param":{"paramName":"f","paramValue":"c:\\Users\\\u043f\u043e\u043b\u044c\u0437\u043e\u0432\u0430\u0442\u0435\u043b\u044c\\AppData\\Roaming\\jupyter\\runtime\\kernel-v2-96480L7oWwReTwZE.json","source":"cli","step":null}},"type":"parameter_msg"}
{"payload":{"local_timestamp":1680799543307,"metric":{"epoch":null,"metricName":"sys.cpu.percent.avg","metricValue":45.0,"step":null}},"type":"metric_msg"}
{"payload":{"local_timestamp":1680799543307,"metric":{"epoch":null,"metricName":"sys.compute.overall","metricValue":45.0,"step":null}},"type":"metric_msg"}
{"payload":{"local_timestamp":1680799543307,"metric":{"epoch":null,"metricName":"sys.compute.utilized","metricValue":34.9,"step":null}},"type":"metric_msg"}
{"payload":{"local_timestamp":1680799543307,"metric":{"epoch":null,"metricName":"sys.cpu.percent.01","metricValue":48.6,"step":null}},"type":"metric_msg"}
{"payload":{"local_timestamp":1680799543307,"metric":{"epoch":null,"metricName":"sys.cpu.percent.02","metricValue":46.1,"step":null}},"type":"metric_msg"}
{"payload":{"local_timestamp":1680799543307,"metric":{"epoch":null,"metricName":"sys.cpu.percent.03","metricValue":46.1,"step":null}},"type":"metric_msg"}
{"payload":{"local_timestamp":1680799543309,"metric":{"epoch":null,"metricName":"sys.cpu.percent.04","metricValue":39.2,"step":null}},"type":"metric_msg"}
{"payload":{"local_timestamp":1680799543309,"metric":{"epoch":null,"metricName":"sys.load.avg","metricValue":0.0,"step":null}},"type":"metric_msg"}
{"payload":{"local_timestamp":1680799543309,"metric":{"epoch":null,"metricName":"sys.ram.total","metricValue":16312332288,"step":null}},"type":"metric_msg"}
{"payload":{"local_timestamp":1680799543309,"metric":{"epoch":null,"metricName":"sys.ram.used","metricValue":6159925248,"step":null}},"type":"metric_msg"}
{"payload":{"local_timestamp":1680799543315,"output":"COMET INFO: Experiment is live on comet.com https://www.comet.com/nikolaykordiukov/medical-appointment/3a69572d5f10449d84ed735fa4baccbd\n\n","stderr":true},"type":"standard_output"}
{"payload":{"git_metadata":{"branch":"refs/heads/master","origin":"https://github.com/NikolayKordiukov/sf_data_science.git","parent":"809c01f2a208b722be249b187aa5f616aaa48f1d","repo_name":"sf_data_science","root":"530ae5197668b0e461f614419aaaa47a9a818d3f","status":null,"user":"Evgeniy HP"}},"type":"git_metadata"}
{"payload":{"additional_params":null,"clean":true,"file_path":"tmp9nc7m5a8..zip","local_timestamp":1680799566659,"metadata":{},"upload_type":"git-patch"},"type":"file_upload"}
{"payload":{"local_timestamp":1680799604172,"metric":{"epoch":null,"metricName":"sys.cpu.percent.avg","metricValue":33.55,"step":null}},"type":"metric_msg"}
{"payload":{"local_timestamp":1680799604173,"metric":{"epoch":null,"metricName":"sys.compute.overall","metricValue":33.5,"step":null}},"type":"metric_msg"}
{"payload":{"local_timestamp":1680799604173,"metric":{"epoch":null,"metricName":"sys.compute.utilized","metricValue":0.0,"step":null}},"type":"metric_msg"}
{"payload":{"local_timestamp":1680799604173,"metric":{"epoch":null,"metricName":"sys.cpu.percent.01","metricValue":39.1,"step":null}},"type":"metric_msg"}
{"payload":{"local_timestamp":1680799604173,"metric":{"epoch":null,"metricName":"sys.cpu.percent.02","metricValue":37.1,"step":null}},"type":"metric_msg"}
{"payload":{"local_timestamp":1680799604173,"metric":{"epoch":null,"metricName":"sys.cpu.percent.03","metricValue":32.8,"step":null}},"type":"metric_msg"}
{"payload":{"local_timestamp":1680799604173,"metric":{"epoch":null,"metricName":"sys.cpu.percent.04","metricValue":25.2,"step":null}},"type":"metric_msg"}
{"payload":{"local_timestamp":1680799604173,"metric":{"epoch":null,"metricName":"sys.load.avg","metricValue":0.7,"step":null}},"type":"metric_msg"}
{"payload":{"local_timestamp":1680799604173,"metric":{"epoch":null,"metricName":"sys.ram.total","metricValue":16312332288,"step":null}},"type":"metric_msg"}
{"payload":{"local_timestamp":1680799604173,"metric":{"epoch":null,"metricName":"sys.ram.used","metricValue":6113185792,"step":null}},"type":"metric_msg"}
{"payload":{"local_timestamp":1680799665126,"metric":{"epoch":null,"metricName":"sys.cpu.percent.avg","metricValue":32.85,"step":null}},"type":"metric_msg"}
{"payload":{"local_timestamp":1680799665126,"metric":{"epoch":null,"metricName":"sys.compute.overall","metricValue":32.9,"step":null}},"type":"metric_msg"}
{"payload":{"local_timestamp":1680799665126,"metric":{"epoch":null,"metricName":"sys.compute.utilized","metricValue":0.0,"step":null}},"type":"metric_msg"}
{"payload":{"local_timestamp":1680799665126,"metric":{"epoch":null,"metricName":"sys.cpu.percent.01","metricValue":37.1,"step":null}},"type":"metric_msg"}
{"payload":{"local_timestamp":1680799665126,"metric":{"epoch":null,"metricName":"sys.cpu.percent.02","metricValue":35.6,"step":null}},"type":"metric_msg"}
{"payload":{"local_timestamp":1680799665126,"metric":{"epoch":null,"metricName":"sys.cpu.percent.03","metricValue":33.1,"step":null}},"type":"metric_msg"}
{"payload":{"local_timestamp":1680799665126,"metric":{"epoch":null,"metricName":"sys.cpu.percent.04","metricValue":25.6,"step":null}},"type":"metric_msg"}
{"payload":{"local_timestamp":1680799665126,"metric":{"epoch":null,"metricName":"sys.load.avg","metricValue":1.07,"step":null}},"type":"metric_msg"}
{"payload":{"local_timestamp":1680799665126,"metric":{"epoch":null,"metricName":"sys.ram.total","metricValue":16312332288,"step":null}},"type":"metric_msg"}
{"payload":{"local_timestamp":1680799665126,"metric":{"epoch":null,"metricName":"sys.ram.used","metricValue":6278549504,"step":null}},"type":"metric_msg"}
{"payload":{"local_timestamp":1680799726159,"metric":{"epoch":null,"metricName":"sys.cpu.percent.avg","metricValue":17.724999999999998,"step":null}},"type":"metric_msg"}
{"payload":{"local_timestamp":1680799726159,"metric":{"epoch":null,"metricName":"sys.compute.overall","metricValue":17.7,"step":null}},"type":"metric_msg"}
{"payload":{"local_timestamp":1680799726159,"metric":{"epoch":null,"metricName":"sys.compute.utilized","metricValue":0.0,"step":null}},"type":"metric_msg"}
{"payload":{"local_timestamp":1680799726159,"metric":{"epoch":null,"metricName":"sys.cpu.percent.01","metricValue":23.4,"step":null}},"type":"metric_msg"}
{"payload":{"local_timestamp":1680799726159,"metric":{"epoch":null,"metricName":"sys.cpu.percent.02","metricValue":21.4,"step":null}},"type":"metric_msg"}
{"payload":{"local_timestamp":1680799726159,"metric":{"epoch":null,"metricName":"sys.cpu.percent.03","metricValue":15.8,"step":null}},"type":"metric_msg"}
{"payload":{"local_timestamp":1680799726159,"metric":{"epoch":null,"metricName":"sys.cpu.percent.04","metricValue":10.3,"step":null}},"type":"metric_msg"}
{"payload":{"local_timestamp":1680799726159,"metric":{"epoch":null,"metricName":"sys.load.avg","metricValue":1.3,"step":null}},"type":"metric_msg"}
{"payload":{"local_timestamp":1680799726159,"metric":{"epoch":null,"metricName":"sys.ram.total","metricValue":16312332288,"step":null}},"type":"metric_msg"}
{"payload":{"local_timestamp":1680799726159,"metric":{"epoch":null,"metricName":"sys.ram.used","metricValue":6185533440,"step":null}},"type":"metric_msg"}
{"payload":{"local_timestamp":1680799787139,"metric":{"epoch":null,"metricName":"sys.cpu.percent.avg","metricValue":13.100000000000001,"step":null}},"type":"metric_msg"}
{"payload":{"local_timestamp":1680799787139,"metric":{"epoch":null,"metricName":"sys.compute.overall","metricValue":13.1,"step":null}},"type":"metric_msg"}
{"payload":{"local_timestamp":1680799787139,"metric":{"epoch":null,"metricName":"sys.compute.utilized","metricValue":0.0,"step":null}},"type":"metric_msg"}
{"payload":{"local_timestamp":1680799787139,"metric":{"epoch":null,"metricName":"sys.cpu.percent.01","metricValue":18.7,"step":null}},"type":"metric_msg"}
{"payload":{"local_timestamp":1680799787139,"metric":{"epoch":null,"metricName":"sys.cpu.percent.02","metricValue":14.7,"step":null}},"type":"metric_msg"}
{"payload":{"local_timestamp":1680799787139,"metric":{"epoch":null,"metricName":"sys.cpu.percent.03","metricValue":12.3,"step":null}},"type":"metric_msg"}
{"payload":{"local_timestamp":1680799787139,"metric":{"epoch":null,"metricName":"sys.cpu.percent.04","metricValue":6.7,"step":null}},"type":"metric_msg"}
{"payload":{"local_timestamp":1680799787139,"metric":{"epoch":null,"metricName":"sys.load.avg","metricValue":0.65,"step":null}},"type":"metric_msg"}
{"payload":{"local_timestamp":1680799787139,"metric":{"epoch":null,"metricName":"sys.ram.total","metricValue":16312332288,"step":null}},"type":"metric_msg"}
{"payload":{"local_timestamp":1680799787139,"metric":{"epoch":null,"metricName":"sys.ram.used","metricValue":6233964544,"step":null}},"type":"metric_msg"}
{"payload":{"local_timestamp":1680799848355,"metric":{"epoch":null,"metricName":"sys.cpu.percent.avg","metricValue":1.85,"step":null}},"type":"metric_msg"}
{"payload":{"local_timestamp":1680799848355,"metric":{"epoch":null,"metricName":"sys.compute.overall","metricValue":1.9,"step":null}},"type":"metric_msg"}
{"payload":{"local_timestamp":1680799848355,"metric":{"epoch":null,"metricName":"sys.compute.utilized","metricValue":0.0,"step":null}},"type":"metric_msg"}
{"payload":{"local_timestamp":1680799848355,"metric":{"epoch":null,"metricName":"sys.cpu.percent.01","metricValue":5.4,"step":null}},"type":"metric_msg"}
{"payload":{"local_timestamp":1680799848355,"metric":{"epoch":null,"metricName":"sys.cpu.percent.02","metricValue":1.8,"step":null}},"type":"metric_msg"}
{"payload":{"local_timestamp":1680799848355,"metric":{"epoch":null,"metricName":"sys.cpu.percent.03","metricValue":0.2,"step":null}},"type":"metric_msg"}
{"payload":{"local_timestamp":1680799848355,"metric":{"epoch":null,"metricName":"sys.cpu.percent.04","metricValue":0.0,"step":null}},"type":"metric_msg"}
{"payload":{"local_timestamp":1680799848355,"metric":{"epoch":null,"metricName":"sys.load.avg","metricValue":1.24,"step":null}},"type":"metric_msg"}
{"payload":{"local_timestamp":1680799848355,"metric":{"epoch":null,"metricName":"sys.ram.total","metricValue":16312332288,"step":null}},"type":"metric_msg"}
{"payload":{"local_timestamp":1680799848355,"metric":{"epoch":null,"metricName":"sys.ram.used","metricValue":6231244800,"step":null}},"type":"metric_msg"}
{"payload":{"local_timestamp":1680799909558,"metric":{"epoch":null,"metricName":"sys.cpu.percent.avg","metricValue":1.9000000000000001,"step":null}},"type":"metric_msg"}
{"payload":{"local_timestamp":1680799909558,"metric":{"epoch":null,"metricName":"sys.compute.overall","metricValue":1.9,"step":null}},"type":"metric_msg"}
{"payload":{"local_timestamp":1680799909558,"metric":{"epoch":null,"metricName":"sys.compute.utilized","metricValue":0.0,"step":null}},"type":"metric_msg"}
{"payload":{"local_timestamp":1680799909558,"metric":{"epoch":null,"metricName":"sys.cpu.percent.01","metricValue":5.9,"step":null}},"type":"metric_msg"}
{"payload":{"local_timestamp":1680799909558,"metric":{"epoch":null,"metricName":"sys.cpu.percent.02","metricValue":1.5,"step":null}},"type":"metric_msg"}
{"payload":{"local_timestamp":1680799909558,"metric":{"epoch":null,"metricName":"sys.cpu.percent.03","metricValue":0.2,"step":null}},"type":"metric_msg"}
{"payload":{"local_timestamp":1680799909558,"metric":{"epoch":null,"metricName":"sys.cpu.percent.04","metricValue":0.0,"step":null}},"type":"metric_msg"}
{"payload":{"local_timestamp":1680799909558,"metric":{"epoch":null,"metricName":"sys.load.avg","metricValue":2.24,"step":null}},"type":"metric_msg"}
{"payload":{"local_timestamp":1680799909558,"metric":{"epoch":null,"metricName":"sys.ram.total","metricValue":16312332288,"step":null}},"type":"metric_msg"}
{"payload":{"local_timestamp":1680799909558,"metric":{"epoch":null,"metricName":"sys.ram.used","metricValue":6226362368,"step":null}},"type":"metric_msg"}
{"payload":{"local_timestamp":1680799970682,"metric":{"epoch":null,"metricName":"sys.cpu.percent.avg","metricValue":2.1999999999999997,"step":null}},"type":"metric_msg"}
{"payload":{"local_timestamp":1680799970682,"metric":{"epoch":null,"metricName":"sys.compute.overall","metricValue":2.2,"step":null}},"type":"metric_msg"}
{"payload":{"local_timestamp":1680799970682,"metric":{"epoch":null,"metricName":"sys.compute.utilized","metricValue":0.0,"step":null}},"type":"metric_msg"}
{"payload":{"local_timestamp":1680799970682,"metric":{"epoch":null,"metricName":"sys.cpu.percent.01","metricValue":5.4,"step":null}},"type":"metric_msg"}
{"payload":{"local_timestamp":1680799970682,"metric":{"epoch":null,"metricName":"sys.cpu.percent.02","metricValue":2.0,"step":null}},"type":"metric_msg"}
{"payload":{"local_timestamp":1680799970682,"metric":{"epoch":null,"metricName":"sys.cpu.percent.03","metricValue":0.7,"step":null}},"type":"metric_msg"}
{"payload":{"local_timestamp":1680799970682,"metric":{"epoch":null,"metricName":"sys.cpu.percent.04","metricValue":0.7,"step":null}},"type":"metric_msg"}
{"payload":{"local_timestamp":1680799970682,"metric":{"epoch":null,"metricName":"sys.load.avg","metricValue":0.98,"step":null}},"type":"metric_msg"}
{"payload":{"local_timestamp":1680799970682,"metric":{"epoch":null,"metricName":"sys.ram.total","metricValue":16312332288,"step":null}},"type":"metric_msg"}
{"payload":{"local_timestamp":1680799970682,"metric":{"epoch":null,"metricName":"sys.ram.used","metricValue":6254120960,"step":null}},"type":"metric_msg"}
{"payload":{"local_timestamp":1680800031942,"metric":{"epoch":null,"metricName":"sys.cpu.percent.avg","metricValue":32.075,"step":null}},"type":"metric_msg"}
{"payload":{"local_timestamp":1680800031942,"metric":{"epoch":null,"metricName":"sys.compute.overall","metricValue":32.1,"step":null}},"type":"metric_msg"}
{"payload":{"local_timestamp":1680800031942,"metric":{"epoch":null,"metricName":"sys.compute.utilized","metricValue":0.0,"step":null}},"type":"metric_msg"}
{"payload":{"local_timestamp":1680800031942,"metric":{"epoch":null,"metricName":"sys.cpu.percent.01","metricValue":34.8,"step":null}},"type":"metric_msg"}
{"payload":{"local_timestamp":1680800031942,"metric":{"epoch":null,"metricName":"sys.cpu.percent.02","metricValue":32.5,"step":null}},"type":"metric_msg"}
{"payload":{"local_timestamp":1680800031942,"metric":{"epoch":null,"metricName":"sys.cpu.percent.03","metricValue":31.0,"step":null}},"type":"metric_msg"}
{"payload":{"local_timestamp":1680800031942,"metric":{"epoch":null,"metricName":"sys.cpu.percent.04","metricValue":30.0,"step":null}},"type":"metric_msg"}
{"payload":{"local_timestamp":1680800031942,"metric":{"epoch":null,"metricName":"sys.load.avg","metricValue":7.99,"step":null}},"type":"metric_msg"}
{"payload":{"local_timestamp":1680800031942,"metric":{"epoch":null,"metricName":"sys.ram.total","metricValue":16312332288,"step":null}},"type":"metric_msg"}
{"payload":{"local_timestamp":1680800031942,"metric":{"epoch":null,"metricName":"sys.ram.used","metricValue":6408749056,"step":null}},"type":"metric_msg"}
{"payload":{"local_timestamp":1680800093102,"metric":{"epoch":null,"metricName":"sys.cpu.percent.avg","metricValue":44.300000000000004,"step":null}},"type":"metric_msg"}
{"payload":{"local_timestamp":1680800093102,"metric":{"epoch":null,"metricName":"sys.compute.overall","metricValue":44.3,"step":null}},"type":"metric_msg"}
{"payload":{"local_timestamp":1680800093102,"metric":{"epoch":null,"metricName":"sys.compute.utilized","metricValue":0.0,"step":null}},"type":"metric_msg"}
{"payload":{"local_timestamp":1680800093102,"metric":{"epoch":null,"metricName":"sys.cpu.percent.01","metricValue":57.7,"step":null}},"type":"metric_msg"}
{"payload":{"local_timestamp":1680800093102,"metric":{"epoch":null,"metricName":"sys.cpu.percent.02","metricValue":54.9,"step":null}},"type":"metric_msg"}
{"payload":{"local_timestamp":1680800093102,"metric":{"epoch":null,"metricName":"sys.cpu.percent.03","metricValue":39.2,"step":null}},"type":"metric_msg"}
{"payload":{"local_timestamp":1680800093102,"metric":{"epoch":null,"metricName":"sys.cpu.percent.04","metricValue":25.4,"step":null}},"type":"metric_msg"}
{"payload":{"local_timestamp":1680800093102,"metric":{"epoch":null,"metricName":"sys.load.avg","metricValue":3.37,"step":null}},"type":"metric_msg"}
{"payload":{"local_timestamp":1680800093102,"metric":{"epoch":null,"metricName":"sys.ram.total","metricValue":16312332288,"step":null}},"type":"metric_msg"}
{"payload":{"local_timestamp":1680800093102,"metric":{"epoch":null,"metricName":"sys.ram.used","metricValue":6137778176,"step":null}},"type":"metric_msg"}
{"payload":{"local_timestamp":1680800154253,"metric":{"epoch":null,"metricName":"sys.cpu.percent.avg","metricValue":57.875,"step":null}},"type":"metric_msg"}
{"payload":{"local_timestamp":1680800154253,"metric":{"epoch":null,"metricName":"sys.compute.overall","metricValue":57.9,"step":null}},"type":"metric_msg"}
{"payload":{"local_timestamp":1680800154253,"metric":{"epoch":null,"metricName":"sys.compute.utilized","metricValue":0.0,"step":null}},"type":"metric_msg"}
{"payload":{"local_timestamp":1680800154253,"metric":{"epoch":null,"metricName":"sys.cpu.percent.01","metricValue":59.1,"step":null}},"type":"metric_msg"}
{"payload":{"local_timestamp":1680800154253,"metric":{"epoch":null,"metricName":"sys.cpu.percent.02","metricValue":58.8,"step":null}},"type":"metric_msg"}
{"payload":{"local_timestamp":1680800154253,"metric":{"epoch":null,"metricName":"sys.cpu.percent.03","metricValue":59.8,"step":null}},"type":"metric_msg"}
{"payload":{"local_timestamp":1680800154253,"metric":{"epoch":null,"metricName":"sys.cpu.percent.04","metricValue":53.8,"step":null}},"type":"metric_msg"}
{"payload":{"local_timestamp":1680800154253,"metric":{"epoch":null,"metricName":"sys.load.avg","metricValue":1.82,"step":null}},"type":"metric_msg"}
{"payload":{"local_timestamp":1680800154253,"metric":{"epoch":null,"metricName":"sys.ram.total","metricValue":16312332288,"step":null}},"type":"metric_msg"}
{"payload":{"local_timestamp":1680800154253,"metric":{"epoch":null,"metricName":"sys.ram.used","metricValue":6207795200,"step":null}},"type":"metric_msg"}
{"payload":{"local_timestamp":1680800215437,"metric":{"epoch":null,"metricName":"sys.cpu.percent.avg","metricValue":51.075,"step":null}},"type":"metric_msg"}
{"payload":{"local_timestamp":1680800215437,"metric":{"epoch":null,"metricName":"sys.compute.overall","metricValue":51.1,"step":null}},"type":"metric_msg"}
{"payload":{"local_timestamp":1680800215437,"metric":{"epoch":null,"metricName":"sys.compute.utilized","metricValue":0.0,"step":null}},"type":"metric_msg"}
{"payload":{"local_timestamp":1680800215437,"metric":{"epoch":null,"metricName":"sys.cpu.percent.01","metricValue":57.1,"step":null}},"type":"metric_msg"}
{"payload":{"local_timestamp":1680800215437,"metric":{"epoch":null,"metricName":"sys.cpu.percent.02","metricValue":55.4,"step":null}},"type":"metric_msg"}
{"payload":{"local_timestamp":1680800215437,"metric":{"epoch":null,"metricName":"sys.cpu.percent.03","metricValue":54.0,"step":null}},"type":"metric_msg"}
{"payload":{"local_timestamp":1680800215437,"metric":{"epoch":null,"metricName":"sys.cpu.percent.04","metricValue":37.8,"step":null}},"type":"metric_msg"}
{"payload":{"local_timestamp":1680800215437,"metric":{"epoch":null,"metricName":"sys.load.avg","metricValue":0.92,"step":null}},"type":"metric_msg"}
{"payload":{"local_timestamp":1680800215437,"metric":{"epoch":null,"metricName":"sys.ram.total","metricValue":16312332288,"step":null}},"type":"metric_msg"}
{"payload":{"local_timestamp":1680800215437,"metric":{"epoch":null,"metricName":"sys.ram.used","metricValue":6265618432,"step":null}},"type":"metric_msg"}
{"payload":{"local_timestamp":1680800276591,"metric":{"epoch":null,"metricName":"sys.cpu.percent.avg","metricValue":52.5,"step":null}},"type":"metric_msg"}
{"payload":{"local_timestamp":1680800276591,"metric":{"epoch":null,"metricName":"sys.compute.overall","metricValue":52.5,"step":null}},"type":"metric_msg"}
{"payload":{"local_timestamp":1680800276591,"metric":{"epoch":null,"metricName":"sys.compute.utilized","metricValue":0.0,"step":null}},"type":"metric_msg"}
{"payload":{"local_timestamp":1680800276591,"metric":{"epoch":null,"metricName":"sys.cpu.percent.01","metricValue":63.2,"step":null}},"type":"metric_msg"}
{"payload":{"local_timestamp":1680800276591,"metric":{"epoch":null,"metricName":"sys.cpu.percent.02","metricValue":61.9,"step":null}},"type":"metric_msg"}
{"payload":{"local_timestamp":1680800276591,"metric":{"epoch":null,"metricName":"sys.cpu.percent.03","metricValue":50.9,"step":null}},"type":"metric_msg"}
{"payload":{"local_timestamp":1680800276591,"metric":{"epoch":null,"metricName":"sys.cpu.percent.04","metricValue":34.0,"step":null}},"type":"metric_msg"}
{"payload":{"local_timestamp":1680800276591,"metric":{"epoch":null,"metricName":"sys.load.avg","metricValue":1.57,"step":null}},"type":"metric_msg"}
{"payload":{"local_timestamp":1680800276591,"metric":{"epoch":null,"metricName":"sys.ram.total","metricValue":16312332288,"step":null}},"type":"metric_msg"}
{"payload":{"local_timestamp":1680800276591,"metric":{"epoch":null,"metricName":"sys.ram.used","metricValue":6295494656,"step":null}},"type":"metric_msg"}
{"payload":{"local_timestamp":1680800337767,"metric":{"epoch":null,"metricName":"sys.cpu.percent.avg","metricValue":41.724999999999994,"step":null}},"type":"metric_msg"}
{"payload":{"local_timestamp":1680800337767,"metric":{"epoch":null,"metricName":"sys.compute.overall","metricValue":41.7,"step":null}},"type":"metric_msg"}
{"payload":{"local_timestamp":1680800337767,"metric":{"epoch":null,"metricName":"sys.compute.utilized","metricValue":0.0,"step":null}},"type":"metric_msg"}
{"payload":{"local_timestamp":1680800337767,"metric":{"epoch":null,"metricName":"sys.cpu.percent.01","metricValue":62.9,"step":null}},"type":"metric_msg"}
{"payload":{"local_timestamp":1680800337767,"metric":{"epoch":null,"metricName":"sys.cpu.percent.02","metricValue":55.2,"step":null}},"type":"metric_msg"}
{"payload":{"local_timestamp":1680800337767,"metric":{"epoch":null,"metricName":"sys.cpu.percent.03","metricValue":38.3,"step":null}},"type":"metric_msg"}
{"payload":{"local_timestamp":1680800337767,"metric":{"epoch":null,"metricName":"sys.cpu.percent.04","metricValue":10.5,"step":null}},"type":"metric_msg"}
{"payload":{"local_timestamp":1680800337767,"metric":{"epoch":null,"metricName":"sys.load.avg","metricValue":1.07,"step":null}},"type":"metric_msg"}
{"payload":{"local_timestamp":1680800337767,"metric":{"epoch":null,"metricName":"sys.ram.total","metricValue":16312332288,"step":null}},"type":"metric_msg"}
{"payload":{"local_timestamp":1680800337767,"metric":{"epoch":null,"metricName":"sys.ram.used","metricValue":6266499072,"step":null}},"type":"metric_msg"}
{"payload":{"local_timestamp":1680800398962,"metric":{"epoch":null,"metricName":"sys.cpu.percent.avg","metricValue":42.05,"step":null}},"type":"metric_msg"}
{"payload":{"local_timestamp":1680800398962,"metric":{"epoch":null,"metricName":"sys.compute.overall","metricValue":42.0,"step":null}},"type":"metric_msg"}
{"payload":{"local_timestamp":1680800398962,"metric":{"epoch":null,"metricName":"sys.compute.utilized","metricValue":0.0,"step":null}},"type":"metric_msg"}
{"payload":{"local_timestamp":1680800398962,"metric":{"epoch":null,"metricName":"sys.cpu.percent.01","metricValue":62.6,"step":null}},"type":"metric_msg"}
{"payload":{"local_timestamp":1680800398962,"metric":{"epoch":null,"metricName":"sys.cpu.percent.02","metricValue":55.6,"step":null}},"type":"metric_msg"}
{"payload":{"local_timestamp":1680800398962,"metric":{"epoch":null,"metricName":"sys.cpu.percent.03","metricValue":38.3,"step":null}},"type":"metric_msg"}
{"payload":{"local_timestamp":1680800398962,"metric":{"epoch":null,"metricName":"sys.cpu.percent.04","metricValue":11.7,"step":null}},"type":"metric_msg"}
{"payload":{"local_timestamp":1680800398962,"metric":{"epoch":null,"metricName":"sys.load.avg","metricValue":1.69,"step":null}},"type":"metric_msg"}
{"payload":{"local_timestamp":1680800398962,"metric":{"epoch":null,"metricName":"sys.ram.total","metricValue":16312332288,"step":null}},"type":"metric_msg"}
{"payload":{"local_timestamp":1680800398962,"metric":{"epoch":null,"metricName":"sys.ram.used","metricValue":6199148544,"step":null}},"type":"metric_msg"}
{"payload":{"local_timestamp":1680800460167,"metric":{"epoch":null,"metricName":"sys.cpu.percent.avg","metricValue":42.900000000000006,"step":null}},"type":"metric_msg"}
{"payload":{"local_timestamp":1680800460167,"metric":{"epoch":null,"metricName":"sys.compute.overall","metricValue":42.9,"step":null}},"type":"metric_msg"}
{"payload":{"local_timestamp":1680800460167,"metric":{"epoch":null,"metricName":"sys.compute.utilized","metricValue":0.0,"step":null}},"type":"metric_msg"}
{"payload":{"local_timestamp":1680800460167,"metric":{"epoch":null,"metricName":"sys.cpu.percent.01","metricValue":58.7,"step":null}},"type":"metric_msg"}
{"payload":{"local_timestamp":1680800460167,"metric":{"epoch":null,"metricName":"sys.cpu.percent.02","metricValue":52.8,"step":null}},"type":"metric_msg"}
{"payload":{"local_timestamp":1680800460167,"metric":{"epoch":null,"metricName":"sys.cpu.percent.03","metricValue":43.8,"step":null}},"type":"metric_msg"}
{"payload":{"local_timestamp":1680800460167,"metric":{"epoch":null,"metricName":"sys.cpu.percent.04","metricValue":16.3,"step":null}},"type":"metric_msg"}
{"payload":{"local_timestamp":1680800460167,"metric":{"epoch":null,"metricName":"sys.load.avg","metricValue":1.08,"step":null}},"type":"metric_msg"}
{"payload":{"local_timestamp":1680800460167,"metric":{"epoch":null,"metricName":"sys.ram.total","metricValue":16312332288,"step":null}},"type":"metric_msg"}
{"payload":{"local_timestamp":1680800460167,"metric":{"epoch":null,"metricName":"sys.ram.used","metricValue":6117892096,"step":null}},"type":"metric_msg"}
{"payload":{"local_timestamp":1680800521321,"metric":{"epoch":null,"metricName":"sys.cpu.percent.avg","metricValue":36.625,"step":null}},"type":"metric_msg"}
{"payload":{"local_timestamp":1680800521321,"metric":{"epoch":null,"metricName":"sys.compute.overall","metricValue":36.6,"step":null}},"type":"metric_msg"}
{"payload":{"local_timestamp":1680800521321,"metric":{"epoch":null,"metricName":"sys.compute.utilized","metricValue":0.0,"step":null}},"type":"metric_msg"}
{"payload":{"local_timestamp":1680800521321,"metric":{"epoch":null,"metricName":"sys.cpu.percent.01","metricValue":54.8,"step":null}},"type":"metric_msg"}
{"payload":{"local_timestamp":1680800521321,"metric":{"epoch":null,"metricName":"sys.cpu.percent.02","metricValue":47.3,"step":null}},"type":"metric_msg"}
{"payload":{"local_timestamp":1680800521321,"metric":{"epoch":null,"metricName":"sys.cpu.percent.03","metricValue":31.8,"step":null}},"type":"metric_msg"}
{"payload":{"local_timestamp":1680800521321,"metric":{"epoch":null,"metricName":"sys.cpu.percent.04","metricValue":12.6,"step":null}},"type":"metric_msg"}
{"payload":{"local_timestamp":1680800521321,"metric":{"epoch":null,"metricName":"sys.load.avg","metricValue":1.3,"step":null}},"type":"metric_msg"}
{"payload":{"local_timestamp":1680800521321,"metric":{"epoch":null,"metricName":"sys.ram.total","metricValue":16312332288,"step":null}},"type":"metric_msg"}
{"payload":{"local_timestamp":1680800521321,"metric":{"epoch":null,"metricName":"sys.ram.used","metricValue":6031515648,"step":null}},"type":"metric_msg"}
{"payload":{"local_timestamp":1680800582504,"metric":{"epoch":null,"metricName":"sys.cpu.percent.avg","metricValue":27.6,"step":null}},"type":"metric_msg"}
{"payload":{"local_timestamp":1680800582504,"metric":{"epoch":null,"metricName":"sys.compute.overall","metricValue":27.6,"step":null}},"type":"metric_msg"}
{"payload":{"local_timestamp":1680800582504,"metric":{"epoch":null,"metricName":"sys.compute.utilized","metricValue":0.0,"step":null}},"type":"metric_msg"}
{"payload":{"local_timestamp":1680800582504,"metric":{"epoch":null,"metricName":"sys.cpu.percent.01","metricValue":50.1,"step":null}},"type":"metric_msg"}
{"payload":{"local_timestamp":1680800582504,"metric":{"epoch":null,"metricName":"sys.cpu.percent.02","metricValue":42.1,"step":null}},"type":"metric_msg"}
{"payload":{"local_timestamp":1680800582504,"metric":{"epoch":null,"metricName":"sys.cpu.percent.03","metricValue":16.8,"step":null}},"type":"metric_msg"}
{"payload":{"local_timestamp":1680800582504,"metric":{"epoch":null,"metricName":"sys.cpu.percent.04","metricValue":1.4,"step":null}},"type":"metric_msg"}
{"payload":{"local_timestamp":1680800582504,"metric":{"epoch":null,"metricName":"sys.load.avg","metricValue":0.59,"step":null}},"type":"metric_msg"}
{"payload":{"local_timestamp":1680800582504,"metric":{"epoch":null,"metricName":"sys.ram.total","metricValue":16312332288,"step":null}},"type":"metric_msg"}
{"payload":{"local_timestamp":1680800582504,"metric":{"epoch":null,"metricName":"sys.ram.used","metricValue":5874016256,"step":null}},"type":"metric_msg"}
{"payload":{"local_timestamp":1680800643707,"metric":{"epoch":null,"metricName":"sys.cpu.percent.avg","metricValue":27.724999999999998,"step":null}},"type":"metric_msg"}
{"payload":{"local_timestamp":1680800643707,"metric":{"epoch":null,"metricName":"sys.compute.overall","metricValue":27.7,"step":null}},"type":"metric_msg"}
{"payload":{"local_timestamp":1680800643707,"metric":{"epoch":null,"metricName":"sys.compute.utilized","metricValue":0.0,"step":null}},"type":"metric_msg"}
{"payload":{"local_timestamp":1680800643707,"metric":{"epoch":null,"metricName":"sys.cpu.percent.01","metricValue":52.1,"step":null}},"type":"metric_msg"}
{"payload":{"local_timestamp":1680800643707,"metric":{"epoch":null,"metricName":"sys.cpu.percent.02","metricValue":42.5,"step":null}},"type":"metric_msg"}
{"payload":{"local_timestamp":1680800643707,"metric":{"epoch":null,"metricName":"sys.cpu.percent.03","metricValue":14.2,"step":null}},"type":"metric_msg"}
{"payload":{"local_timestamp":1680800643707,"metric":{"epoch":null,"metricName":"sys.cpu.percent.04","metricValue":2.1,"step":null}},"type":"metric_msg"}
{"payload":{"local_timestamp":1680800643707,"metric":{"epoch":null,"metricName":"sys.load.avg","metricValue":0.38,"step":null}},"type":"metric_msg"}
{"payload":{"local_timestamp":1680800643707,"metric":{"epoch":null,"metricName":"sys.ram.total","metricValue":16312332288,"step":null}},"type":"metric_msg"}
{"payload":{"local_timestamp":1680800643707,"metric":{"epoch":null,"metricName":"sys.ram.used","metricValue":5810278400,"step":null}},"type":"metric_msg"}
{"payload":{"local_timestamp":1680800704893,"metric":{"epoch":null,"metricName":"sys.cpu.percent.avg","metricValue":31.65,"step":null}},"type":"metric_msg"}
{"payload":{"local_timestamp":1680800704893,"metric":{"epoch":null,"metricName":"sys.compute.overall","metricValue":31.6,"step":null}},"type":"metric_msg"}
{"payload":{"local_timestamp":1680800704893,"metric":{"epoch":null,"metricName":"sys.compute.utilized","metricValue":0.0,"step":null}},"type":"metric_msg"}
{"payload":{"local_timestamp":1680800704893,"metric":{"epoch":null,"metricName":"sys.cpu.percent.01","metricValue":50.9,"step":null}},"type":"metric_msg"}
{"payload":{"local_timestamp":1680800704893,"metric":{"epoch":null,"metricName":"sys.cpu.percent.02","metricValue":46.7,"step":null}},"type":"metric_msg"}
{"payload":{"local_timestamp":1680800704893,"metric":{"epoch":null,"metricName":"sys.cpu.percent.03","metricValue":25.1,"step":null}},"type":"metric_msg"}
{"payload":{"local_timestamp":1680800704893,"metric":{"epoch":null,"metricName":"sys.cpu.percent.04","metricValue":3.9,"step":null}},"type":"metric_msg"}
{"payload":{"local_timestamp":1680800704893,"metric":{"epoch":null,"metricName":"sys.load.avg","metricValue":0.63,"step":null}},"type":"metric_msg"}
{"payload":{"local_timestamp":1680800704893,"metric":{"epoch":null,"metricName":"sys.ram.total","metricValue":16312332288,"step":null}},"type":"metric_msg"}
{"payload":{"local_timestamp":1680800704893,"metric":{"epoch":null,"metricName":"sys.ram.used","metricValue":5778309120,"step":null}},"type":"metric_msg"}
{"payload":{"local_timestamp":1680800766064,"metric":{"epoch":null,"metricName":"sys.cpu.percent.avg","metricValue":44.175000000000004,"step":null}},"type":"metric_msg"}
{"payload":{"local_timestamp":1680800766064,"metric":{"epoch":null,"metricName":"sys.compute.overall","metricValue":44.2,"step":null}},"type":"metric_msg"}
{"payload":{"local_timestamp":1680800766064,"metric":{"epoch":null,"metricName":"sys.compute.utilized","metricValue":0.0,"step":null}},"type":"metric_msg"}
{"payload":{"local_timestamp":1680800766064,"metric":{"epoch":null,"metricName":"sys.cpu.percent.01","metricValue":59.6,"step":null}},"type":"metric_msg"}
{"payload":{"local_timestamp":1680800766064,"metric":{"epoch":null,"metricName":"sys.cpu.percent.02","metricValue":53.7,"step":null}},"type":"metric_msg"}
{"payload":{"local_timestamp":1680800766064,"metric":{"epoch":null,"metricName":"sys.cpu.percent.03","metricValue":45.5,"step":null}},"type":"metric_msg"}
{"payload":{"local_timestamp":1680800766064,"metric":{"epoch":null,"metricName":"sys.cpu.percent.04","metricValue":17.9,"step":null}},"type":"metric_msg"}
{"payload":{"local_timestamp":1680800766064,"metric":{"epoch":null,"metricName":"sys.load.avg","metricValue":0.48,"step":null}},"type":"metric_msg"}
{"payload":{"local_timestamp":1680800766064,"metric":{"epoch":null,"metricName":"sys.ram.total","metricValue":16312332288,"step":null}},"type":"metric_msg"}
{"payload":{"local_timestamp":1680800766064,"metric":{"epoch":null,"metricName":"sys.ram.used","metricValue":5736448000,"step":null}},"type":"metric_msg"}
{"payload":{"local_timestamp":1680800827214,"metric":{"epoch":null,"metricName":"sys.cpu.percent.avg","metricValue":42.425,"step":null}},"type":"metric_msg"}
{"payload":{"local_timestamp":1680800827214,"metric":{"epoch":null,"metricName":"sys.compute.overall","metricValue":42.4,"step":null}},"type":"metric_msg"}
{"payload":{"local_timestamp":1680800827214,"metric":{"epoch":null,"metricName":"sys.compute.utilized","metricValue":0.0,"step":null}},"type":"metric_msg"}
{"payload":{"local_timestamp":1680800827214,"metric":{"epoch":null,"metricName":"sys.cpu.percent.01","metricValue":60.9,"step":null}},"type":"metric_msg"}
{"payload":{"local_timestamp":1680800827214,"metric":{"epoch":null,"metricName":"sys.cpu.percent.02","metricValue":50.8,"step":null}},"type":"metric_msg"}
{"payload":{"local_timestamp":1680800827214,"metric":{"epoch":null,"metricName":"sys.cpu.percent.03","metricValue":42.7,"step":null}},"type":"metric_msg"}
{"payload":{"local_timestamp":1680800827214,"metric":{"epoch":null,"metricName":"sys.cpu.percent.04","metricValue":15.3,"step":null}},"type":"metric_msg"}
{"payload":{"local_timestamp":1680800827214,"metric":{"epoch":null,"metricName":"sys.load.avg","metricValue":0.55,"step":null}},"type":"metric_msg"}
{"payload":{"local_timestamp":1680800827214,"metric":{"epoch":null,"metricName":"sys.ram.total","metricValue":16312332288,"step":null}},"type":"metric_msg"}
{"payload":{"local_timestamp":1680800827214,"metric":{"epoch":null,"metricName":"sys.ram.used","metricValue":5518667776,"step":null}},"type":"metric_msg"}
{"payload":{"local_timestamp":1680800888353,"metric":{"epoch":null,"metricName":"sys.cpu.percent.avg","metricValue":41.875,"step":null}},"type":"metric_msg"}
{"payload":{"local_timestamp":1680800888353,"metric":{"epoch":null,"metricName":"sys.compute.overall","metricValue":41.9,"step":null}},"type":"metric_msg"}
{"payload":{"local_timestamp":1680800888353,"metric":{"epoch":null,"metricName":"sys.compute.utilized","metricValue":0.0,"step":null}},"type":"metric_msg"}
{"payload":{"local_timestamp":1680800888353,"metric":{"epoch":null,"metricName":"sys.cpu.percent.01","metricValue":60.6,"step":null}},"type":"metric_msg"}
{"payload":{"local_timestamp":1680800888353,"metric":{"epoch":null,"metricName":"sys.cpu.percent.02","metricValue":50.0,"step":null}},"type":"metric_msg"}
{"payload":{"local_timestamp":1680800888353,"metric":{"epoch":null,"metricName":"sys.cpu.percent.03","metricValue":40.5,"step":null}},"type":"metric_msg"}
{"payload":{"local_timestamp":1680800888353,"metric":{"epoch":null,"metricName":"sys.cpu.percent.04","metricValue":16.4,"step":null}},"type":"metric_msg"}
{"payload":{"local_timestamp":1680800888353,"metric":{"epoch":null,"metricName":"sys.load.avg","metricValue":0.45,"step":null}},"type":"metric_msg"}
{"payload":{"local_timestamp":1680800888353,"metric":{"epoch":null,"metricName":"sys.ram.total","metricValue":16312332288,"step":null}},"type":"metric_msg"}
{"payload":{"local_timestamp":1680800888353,"metric":{"epoch":null,"metricName":"sys.ram.used","metricValue":5215113216,"step":null}},"type":"metric_msg"}
{"payload":{"local_timestamp":1680800949513,"metric":{"epoch":null,"metricName":"sys.cpu.percent.avg","metricValue":8.775,"step":null}},"type":"metric_msg"}
{"payload":{"local_timestamp":1680800949513,"metric":{"epoch":null,"metricName":"sys.compute.overall","metricValue":8.8,"step":null}},"type":"metric_msg"}
{"payload":{"local_timestamp":1680800949513,"metric":{"epoch":null,"metricName":"sys.compute.utilized","metricValue":0.0,"step":null}},"type":"metric_msg"}
{"payload":{"local_timestamp":1680800949513,"metric":{"epoch":null,"metricName":"sys.cpu.percent.01","metricValue":20.0,"step":null}},"type":"metric_msg"}
{"payload":{"local_timestamp":1680800949513,"metric":{"epoch":null,"metricName":"sys.cpu.percent.02","metricValue":10.8,"step":null}},"type":"metric_msg"}
{"payload":{"local_timestamp":1680800949513,"metric":{"epoch":null,"metricName":"sys.cpu.percent.03","metricValue":4.2,"step":null}},"type":"metric_msg"}
{"payload":{"local_timestamp":1680800949513,"metric":{"epoch":null,"metricName":"sys.cpu.percent.04","metricValue":0.1,"step":null}},"type":"metric_msg"}
{"payload":{"local_timestamp":1680800949513,"metric":{"epoch":null,"metricName":"sys.load.avg","metricValue":0.82,"step":null}},"type":"metric_msg"}
{"payload":{"local_timestamp":1680800949513,"metric":{"epoch":null,"metricName":"sys.ram.total","metricValue":16312332288,"step":null}},"type":"metric_msg"}
{"payload":{"local_timestamp":1680800949513,"metric":{"epoch":null,"metricName":"sys.ram.used","metricValue":5247315968,"step":null}},"type":"metric_msg"}
{"payload":{"local_timestamp":1680801010659,"metric":{"epoch":null,"metricName":"sys.cpu.percent.avg","metricValue":19.9,"step":null}},"type":"metric_msg"}
{"payload":{"local_timestamp":1680801010659,"metric":{"epoch":null,"metricName":"sys.compute.overall","metricValue":19.9,"step":null}},"type":"metric_msg"}
{"payload":{"local_timestamp":1680801010659,"metric":{"epoch":null,"metricName":"sys.compute.utilized","metricValue":0.0,"step":null}},"type":"metric_msg"}
{"payload":{"local_timestamp":1680801010659,"metric":{"epoch":null,"metricName":"sys.cpu.percent.01","metricValue":30.7,"step":null}},"type":"metric_msg"}
{"payload":{"local_timestamp":1680801010659,"metric":{"epoch":null,"metricName":"sys.cpu.percent.02","metricValue":32.4,"step":null}},"type":"metric_msg"}
{"payload":{"local_timestamp":1680801010659,"metric":{"epoch":null,"metricName":"sys.cpu.percent.03","metricValue":14.2,"step":null}},"type":"metric_msg"}
{"payload":{"local_timestamp":1680801010659,"metric":{"epoch":null,"metricName":"sys.cpu.percent.04","metricValue":2.3,"step":null}},"type":"metric_msg"}
{"payload":{"local_timestamp":1680801010659,"metric":{"epoch":null,"metricName":"sys.load.avg","metricValue":1.58,"step":null}},"type":"metric_msg"}
{"payload":{"local_timestamp":1680801010659,"metric":{"epoch":null,"metricName":"sys.ram.total","metricValue":16312332288,"step":null}},"type":"metric_msg"}
{"payload":{"local_timestamp":1680801010659,"metric":{"epoch":null,"metricName":"sys.ram.used","metricValue":5224628224,"step":null}},"type":"metric_msg"}
{"payload":{"local_timestamp":1680801071818,"metric":{"epoch":null,"metricName":"sys.cpu.percent.avg","metricValue":18.775,"step":null}},"type":"metric_msg"}
{"payload":{"local_timestamp":1680801071818,"metric":{"epoch":null,"metricName":"sys.compute.overall","metricValue":18.8,"step":null}},"type":"metric_msg"}
{"payload":{"local_timestamp":1680801071818,"metric":{"epoch":null,"metricName":"sys.compute.utilized","metricValue":0.0,"step":null}},"type":"metric_msg"}
{"payload":{"local_timestamp":1680801071818,"metric":{"epoch":null,"metricName":"sys.cpu.percent.01","metricValue":31.2,"step":null}},"type":"metric_msg"}
{"payload":{"local_timestamp":1680801071818,"metric":{"epoch":null,"metricName":"sys.cpu.percent.02","metricValue":28.8,"step":null}},"type":"metric_msg"}
{"payload":{"local_timestamp":1680801071818,"metric":{"epoch":null,"metricName":"sys.cpu.percent.03","metricValue":14.8,"step":null}},"type":"metric_msg"}
{"payload":{"local_timestamp":1680801071818,"metric":{"epoch":null,"metricName":"sys.cpu.percent.04","metricValue":0.3,"step":null}},"type":"metric_msg"}
{"payload":{"local_timestamp":1680801071818,"metric":{"epoch":null,"metricName":"sys.load.avg","metricValue":0.91,"step":null}},"type":"metric_msg"}
{"payload":{"local_timestamp":1680801071818,"metric":{"epoch":null,"metricName":"sys.ram.total","metricValue":16312332288,"step":null}},"type":"metric_msg"}
{"payload":{"local_timestamp":1680801071818,"metric":{"epoch":null,"metricName":"sys.ram.used","metricValue":5216600064,"step":null}},"type":"metric_msg"}
{"payload":{"local_timestamp":1680801132986,"metric":{"epoch":null,"metricName":"sys.cpu.percent.avg","metricValue":5.25,"step":null}},"type":"metric_msg"}
{"payload":{"local_timestamp":1680801132986,"metric":{"epoch":null,"metricName":"sys.compute.overall","metricValue":5.2,"step":null}},"type":"metric_msg"}
{"payload":{"local_timestamp":1680801132986,"metric":{"epoch":null,"metricName":"sys.compute.utilized","metricValue":0.0,"step":null}},"type":"metric_msg"}
{"payload":{"local_timestamp":1680801132986,"metric":{"epoch":null,"metricName":"sys.cpu.percent.01","metricValue":12.0,"step":null}},"type":"metric_msg"}
{"payload":{"local_timestamp":1680801132986,"metric":{"epoch":null,"metricName":"sys.cpu.percent.02","metricValue":4.5,"step":null}},"type":"metric_msg"}
{"payload":{"local_timestamp":1680801132986,"metric":{"epoch":null,"metricName":"sys.cpu.percent.03","metricValue":3.4,"step":null}},"type":"metric_msg"}
{"payload":{"local_timestamp":1680801132986,"metric":{"epoch":null,"metricName":"sys.cpu.percent.04","metricValue":1.1,"step":null}},"type":"metric_msg"}
{"payload":{"local_timestamp":1680801132986,"metric":{"epoch":null,"metricName":"sys.load.avg","metricValue":0.67,"step":null}},"type":"metric_msg"}
{"payload":{"local_timestamp":1680801132986,"metric":{"epoch":null,"metricName":"sys.ram.total","metricValue":16312332288,"step":null}},"type":"metric_msg"}
{"payload":{"local_timestamp":1680801132986,"metric":{"epoch":null,"metricName":"sys.ram.used","metricValue":5228662784,"step":null}},"type":"metric_msg"}
{"payload":{"local_timestamp":1680801194170,"metric":{"epoch":null,"metricName":"sys.cpu.percent.avg","metricValue":3.525,"step":null}},"type":"metric_msg"}
{"payload":{"local_timestamp":1680801194170,"metric":{"epoch":null,"metricName":"sys.compute.overall","metricValue":3.5,"step":null}},"type":"metric_msg"}
{"payload":{"local_timestamp":1680801194170,"metric":{"epoch":null,"metricName":"sys.compute.utilized","metricValue":0.0,"step":null}},"type":"metric_msg"}
{"payload":{"local_timestamp":1680801194170,"metric":{"epoch":null,"metricName":"sys.cpu.percent.01","metricValue":10.9,"step":null}},"type":"metric_msg"}
{"payload":{"local_timestamp":1680801194170,"metric":{"epoch":null,"metricName":"sys.cpu.percent.02","metricValue":2.3,"step":null}},"type":"metric_msg"}
{"payload":{"local_timestamp":1680801194170,"metric":{"epoch":null,"metricName":"sys.cpu.percent.03","metricValue":0.9,"step":null}},"type":"metric_msg"}
{"payload":{"local_timestamp":1680801194170,"metric":{"epoch":null,"metricName":"sys.cpu.percent.04","metricValue":0.0,"step":null}},"type":"metric_msg"}
{"payload":{"local_timestamp":1680801194170,"metric":{"epoch":null,"metricName":"sys.load.avg","metricValue":0.61,"step":null}},"type":"metric_msg"}
{"payload":{"local_timestamp":1680801194170,"metric":{"epoch":null,"metricName":"sys.ram.total","metricValue":16312332288,"step":null}},"type":"metric_msg"}
{"payload":{"local_timestamp":1680801194170,"metric":{"epoch":null,"metricName":"sys.ram.used","metricValue":5224218624,"step":null}},"type":"metric_msg"}
{"payload":{"local_timestamp":1680801255405,"metric":{"epoch":null,"metricName":"sys.cpu.percent.avg","metricValue":3.75,"step":null}},"type":"metric_msg"}
{"payload":{"local_timestamp":1680801255405,"metric":{"epoch":null,"metricName":"sys.compute.overall","metricValue":3.8,"step":null}},"type":"metric_msg"}
{"payload":{"local_timestamp":1680801255405,"metric":{"epoch":null,"metricName":"sys.compute.utilized","metricValue":0.0,"step":null}},"type":"metric_msg"}
{"payload":{"local_timestamp":1680801255405,"metric":{"epoch":null,"metricName":"sys.cpu.percent.01","metricValue":12.1,"step":null}},"type":"metric_msg"}
{"payload":{"local_timestamp":1680801255405,"metric":{"epoch":null,"metricName":"sys.cpu.percent.02","metricValue":2.0,"step":null}},"type":"metric_msg"}
{"payload":{"local_timestamp":1680801255405,"metric":{"epoch":null,"metricName":"sys.cpu.percent.03","metricValue":0.8,"step":null}},"type":"metric_msg"}
{"payload":{"local_timestamp":1680801255405,"metric":{"epoch":null,"metricName":"sys.cpu.percent.04","metricValue":0.1,"step":null}},"type":"metric_msg"}
{"payload":{"local_timestamp":1680801255405,"metric":{"epoch":null,"metricName":"sys.load.avg","metricValue":0.39,"step":null}},"type":"metric_msg"}
{"payload":{"local_timestamp":1680801255405,"metric":{"epoch":null,"metricName":"sys.ram.total","metricValue":16312332288,"step":null}},"type":"metric_msg"}
{"payload":{"local_timestamp":1680801255405,"metric":{"epoch":null,"metricName":"sys.ram.used","metricValue":5227573248,"step":null}},"type":"metric_msg"}
{"payload":{"local_timestamp":1680801316689,"metric":{"epoch":null,"metricName":"sys.cpu.percent.avg","metricValue":4.475,"step":null}},"type":"metric_msg"}
{"payload":{"local_timestamp":1680801316689,"metric":{"epoch":null,"metricName":"sys.compute.overall","metricValue":4.5,"step":null}},"type":"metric_msg"}
{"payload":{"local_timestamp":1680801316689,"metric":{"epoch":null,"metricName":"sys.compute.utilized","metricValue":0.0,"step":null}},"type":"metric_msg"}
{"payload":{"local_timestamp":1680801316689,"metric":{"epoch":null,"metricName":"sys.cpu.percent.01","metricValue":12.0,"step":null}},"type":"metric_msg"}
{"payload":{"local_timestamp":1680801316689,"metric":{"epoch":null,"metricName":"sys.cpu.percent.02","metricValue":3.8,"step":null}},"type":"metric_msg"}
{"payload":{"local_timestamp":1680801316689,"metric":{"epoch":null,"metricName":"sys.cpu.percent.03","metricValue":1.9,"step":null}},"type":"metric_msg"}
{"payload":{"local_timestamp":1680801316689,"metric":{"epoch":null,"metricName":"sys.cpu.percent.04","metricValue":0.2,"step":null}},"type":"metric_msg"}
{"payload":{"local_timestamp":1680801316689,"metric":{"epoch":null,"metricName":"sys.load.avg","metricValue":1.23,"step":null}},"type":"metric_msg"}
{"payload":{"local_timestamp":1680801316689,"metric":{"epoch":null,"metricName":"sys.ram.total","metricValue":16312332288,"step":null}},"type":"metric_msg"}
{"payload":{"local_timestamp":1680801316689,"metric":{"epoch":null,"metricName":"sys.ram.used","metricValue":5233082368,"step":null}},"type":"metric_msg"}
{"payload":{"local_timestamp":1680801377730,"metric":{"epoch":null,"metricName":"sys.cpu.percent.avg","metricValue":14.925,"step":null}},"type":"metric_msg"}
{"payload":{"local_timestamp":1680801377730,"metric":{"epoch":null,"metricName":"sys.compute.overall","metricValue":14.9,"step":null}},"type":"metric_msg"}
{"payload":{"local_timestamp":1680801377731,"metric":{"epoch":null,"metricName":"sys.compute.utilized","metricValue":0.0,"step":null}},"type":"metric_msg"}
{"payload":{"local_timestamp":1680801377731,"metric":{"epoch":null,"metricName":"sys.cpu.percent.01","metricValue":22.7,"step":null}},"type":"metric_msg"}
{"payload":{"local_timestamp":1680801377731,"metric":{"epoch":null,"metricName":"sys.cpu.percent.02","metricValue":13.9,"step":null}},"type":"metric_msg"}
{"payload":{"local_timestamp":1680801377731,"metric":{"epoch":null,"metricName":"sys.cpu.percent.03","metricValue":12.9,"step":null}},"type":"metric_msg"}
{"payload":{"local_timestamp":1680801377731,"metric":{"epoch":null,"metricName":"sys.cpu.percent.04","metricValue":10.2,"step":null}},"type":"metric_msg"}
{"payload":{"local_timestamp":1680801377731,"metric":{"epoch":null,"metricName":"sys.load.avg","metricValue":1.01,"step":null}},"type":"metric_msg"}
{"payload":{"local_timestamp":1680801377731,"metric":{"epoch":null,"metricName":"sys.ram.total","metricValue":16312332288,"step":null}},"type":"metric_msg"}
{"payload":{"local_timestamp":1680801377731,"metric":{"epoch":null,"metricName":"sys.ram.used","metricValue":5329567744,"step":null}},"type":"metric_msg"}
{"payload":{"local_timestamp":1680801438676,"metric":{"epoch":null,"metricName":"sys.cpu.percent.avg","metricValue":30.950000000000003,"step":null}},"type":"metric_msg"}
{"payload":{"local_timestamp":1680801438677,"metric":{"epoch":null,"metricName":"sys.compute.overall","metricValue":31.0,"step":null}},"type":"metric_msg"}
{"payload":{"local_timestamp":1680801438677,"metric":{"epoch":null,"metricName":"sys.compute.utilized","metricValue":0.0,"step":null}},"type":"metric_msg"}
{"payload":{"local_timestamp":1680801438677,"metric":{"epoch":null,"metricName":"sys.cpu.percent.01","metricValue":33.0,"step":null}},"type":"metric_msg"}
{"payload":{"local_timestamp":1680801438677,"metric":{"epoch":null,"metricName":"sys.cpu.percent.02","metricValue":45.0,"step":null}},"type":"metric_msg"}
{"payload":{"local_timestamp":1680801438677,"metric":{"epoch":null,"metricName":"sys.cpu.percent.03","metricValue":27.9,"step":null}},"type":"metric_msg"}
{"payload":{"local_timestamp":1680801438677,"metric":{"epoch":null,"metricName":"sys.cpu.percent.04","metricValue":17.9,"step":null}},"type":"metric_msg"}
{"payload":{"local_timestamp":1680801438677,"metric":{"epoch":null,"metricName":"sys.load.avg","metricValue":0.59,"step":null}},"type":"metric_msg"}
{"payload":{"local_timestamp":1680801438677,"metric":{"epoch":null,"metricName":"sys.ram.total","metricValue":16312332288,"step":null}},"type":"metric_msg"}
{"payload":{"local_timestamp":1680801438677,"metric":{"epoch":null,"metricName":"sys.ram.used","metricValue":5429850112,"step":null}},"type":"metric_msg"}
{"payload":{"local_timestamp":1680801499649,"metric":{"epoch":null,"metricName":"sys.cpu.percent.avg","metricValue":30.4,"step":null}},"type":"metric_msg"}
{"payload":{"local_timestamp":1680801499650,"metric":{"epoch":null,"metricName":"sys.compute.overall","metricValue":30.4,"step":null}},"type":"metric_msg"}
{"payload":{"local_timestamp":1680801499650,"metric":{"epoch":null,"metricName":"sys.compute.utilized","metricValue":0.0,"step":null}},"type":"metric_msg"}
{"payload":{"local_timestamp":1680801499650,"metric":{"epoch":null,"metricName":"sys.cpu.percent.01","metricValue":31.7,"step":null}},"type":"metric_msg"}
{"payload":{"local_timestamp":1680801499650,"metric":{"epoch":null,"metricName":"sys.cpu.percent.02","metricValue":48.5,"step":null}},"type":"metric_msg"}
{"payload":{"local_timestamp":1680801499650,"metric":{"epoch":null,"metricName":"sys.cpu.percent.03","metricValue":26.9,"step":null}},"type":"metric_msg"}
{"payload":{"local_timestamp":1680801499650,"metric":{"epoch":null,"metricName":"sys.cpu.percent.04","metricValue":14.5,"step":null}},"type":"metric_msg"}
{"payload":{"local_timestamp":1680801499650,"metric":{"epoch":null,"metricName":"sys.load.avg","metricValue":0.55,"step":null}},"type":"metric_msg"}
{"payload":{"local_timestamp":1680801499650,"metric":{"epoch":null,"metricName":"sys.ram.total","metricValue":16312332288,"step":null}},"type":"metric_msg"}
{"payload":{"local_timestamp":1680801499650,"metric":{"epoch":null,"metricName":"sys.ram.used","metricValue":5423636480,"step":null}},"type":"metric_msg"}
{"payload":{"local_timestamp":1680801560625,"metric":{"epoch":null,"metricName":"sys.cpu.percent.avg","metricValue":32.825,"step":null}},"type":"metric_msg"}
{"payload":{"local_timestamp":1680801560626,"metric":{"epoch":null,"metricName":"sys.compute.overall","metricValue":32.8,"step":null}},"type":"metric_msg"}
{"payload":{"local_timestamp":1680801560626,"metric":{"epoch":null,"metricName":"sys.compute.utilized","metricValue":5.0,"step":null}},"type":"metric_msg"}
{"payload":{"local_timestamp":1680801560626,"metric":{"epoch":null,"metricName":"sys.cpu.percent.01","metricValue":34.1,"step":null}},"type":"metric_msg"}
{"payload":{"local_timestamp":1680801560626,"metric":{"epoch":null,"metricName":"sys.cpu.percent.02","metricValue":48.1,"step":null}},"type":"metric_msg"}
{"payload":{"local_timestamp":1680801560626,"metric":{"epoch":null,"metricName":"sys.cpu.percent.03","metricValue":31.8,"step":null}},"type":"metric_msg"}
{"payload":{"local_timestamp":1680801560626,"metric":{"epoch":null,"metricName":"sys.cpu.percent.04","metricValue":17.3,"step":null}},"type":"metric_msg"}
{"payload":{"local_timestamp":1680801560627,"metric":{"epoch":null,"metricName":"sys.load.avg","metricValue":0.18,"step":null}},"type":"metric_msg"}
{"payload":{"local_timestamp":1680801560627,"metric":{"epoch":null,"metricName":"sys.ram.total","metricValue":16312332288,"step":null}},"type":"metric_msg"}
{"payload":{"local_timestamp":1680801560627,"metric":{"epoch":null,"metricName":"sys.ram.used","metricValue":5562064896,"step":null}},"type":"metric_msg"}
{"payload":{"additional_params":{"context":null,"extension":"svg","figCounter":0,"imageId":"049735908dd445e1946618b16c8ba96f","overwrite":false,"runId":"Q4qgKnSmkT2xX7RQs5kf1fBPJ","step":null},"clean":true,"file_path":"tmp1kukwt3v..svg","local_timestamp":1680801564550,"metadata":{},"upload_type":"visualization"},"type":"file_upload"}
{"payload":{"local_timestamp":1680801595636,"output":"\u0423\u043d\u0438\u043a\u0430\u043b\u044c\u043d\u044b\u0435 \u0437\u043d\u0430\u0447\u0435\u043d\u0438\u044f \u0432 `Age` => [ 62  56   8  76  23  39  21  19  30  29  22  28  54  15  50  40  46   4\n  13  65  45  51  32  12  61  38  79  18  63  64  85  59  55  71  49  78\n  31  58  27   6   2  11   7   0   3   1  69  68  60  67  36  10  35  20\n  26  34  33  16  42   5  47  17  41  44  37  24  66  77  81  70  53  75\n  73  52  74  43  89  57  14   9  48  83  72  25  80  87  88  84  82  90\n  94  86  91  98  92  96  93  95  97 102 115 100  99  -1]","stderr":false},"type":"standard_output"}
{"payload":{"local_timestamp":1680801595636,"output":"\n","stderr":false},"type":"standard_output"}
{"payload":{"additional_params":{"context":null,"extension":"svg","figCounter":1,"imageId":"4e28ecf8e33541908c552e0c642d8d65","overwrite":false,"runId":"Q4qgKnSmkT2xX7RQs5kf1fBPJ","step":null},"clean":true,"file_path":"tmpiz4rf0u1..svg","local_timestamp":1680801610636,"metadata":{},"upload_type":"visualization"},"type":"file_upload"}
{"payload":{"local_timestamp":1680801621569,"metric":{"epoch":null,"metricName":"sys.cpu.percent.avg","metricValue":24.125,"step":null}},"type":"metric_msg"}
{"payload":{"local_timestamp":1680801621570,"metric":{"epoch":null,"metricName":"sys.compute.overall","metricValue":24.1,"step":null}},"type":"metric_msg"}
{"payload":{"local_timestamp":1680801621570,"metric":{"epoch":null,"metricName":"sys.compute.utilized","metricValue":0.0,"step":null}},"type":"metric_msg"}
{"payload":{"local_timestamp":1680801621570,"metric":{"epoch":null,"metricName":"sys.cpu.percent.01","metricValue":29.2,"step":null}},"type":"metric_msg"}
{"payload":{"local_timestamp":1680801621570,"metric":{"epoch":null,"metricName":"sys.cpu.percent.02","metricValue":27.4,"step":null}},"type":"metric_msg"}
{"payload":{"local_timestamp":1680801621570,"metric":{"epoch":null,"metricName":"sys.cpu.percent.03","metricValue":23.4,"step":null}},"type":"metric_msg"}
{"payload":{"local_timestamp":1680801621570,"metric":{"epoch":null,"metricName":"sys.cpu.percent.04","metricValue":16.5,"step":null}},"type":"metric_msg"}
{"payload":{"local_timestamp":1680801621570,"metric":{"epoch":null,"metricName":"sys.load.avg","metricValue":0.27,"step":null}},"type":"metric_msg"}
{"payload":{"local_timestamp":1680801621570,"metric":{"epoch":null,"metricName":"sys.ram.total","metricValue":16312332288,"step":null}},"type":"metric_msg"}
{"payload":{"local_timestamp":1680801621570,"metric":{"epoch":null,"metricName":"sys.ram.used","metricValue":5617242112,"step":null}},"type":"metric_msg"}
{"payload":{"local_timestamp":1680801682475,"metric":{"epoch":null,"metricName":"sys.cpu.percent.avg","metricValue":28.225,"step":null}},"type":"metric_msg"}
{"payload":{"local_timestamp":1680801682475,"metric":{"epoch":null,"metricName":"sys.compute.overall","metricValue":28.2,"step":null}},"type":"metric_msg"}
{"payload":{"local_timestamp":1680801682475,"metric":{"epoch":null,"metricName":"sys.compute.utilized","metricValue":0.0,"step":null}},"type":"metric_msg"}
{"payload":{"local_timestamp":1680801682475,"metric":{"epoch":null,"metricName":"sys.cpu.percent.01","metricValue":31.6,"step":null}},"type":"metric_msg"}
{"payload":{"local_timestamp":1680801682475,"metric":{"epoch":null,"metricName":"sys.cpu.percent.02","metricValue":37.8,"step":null}},"type":"metric_msg"}
{"payload":{"local_timestamp":1680801682475,"metric":{"epoch":null,"metricName":"sys.cpu.percent.03","metricValue":27.4,"step":null}},"type":"metric_msg"}
{"payload":{"local_timestamp":1680801682475,"metric":{"epoch":null,"metricName":"sys.cpu.percent.04","metricValue":16.1,"step":null}},"type":"metric_msg"}
{"payload":{"local_timestamp":1680801682476,"metric":{"epoch":null,"metricName":"sys.load.avg","metricValue":0.84,"step":null}},"type":"metric_msg"}
{"payload":{"local_timestamp":1680801682476,"metric":{"epoch":null,"metricName":"sys.ram.total","metricValue":16312332288,"step":null}},"type":"metric_msg"}
{"payload":{"local_timestamp":1680801682476,"metric":{"epoch":null,"metricName":"sys.ram.used","metricValue":5622321152,"step":null}},"type":"metric_msg"}
{"payload":{"local_timestamp":1680801743389,"metric":{"epoch":null,"metricName":"sys.cpu.percent.avg","metricValue":28.5,"step":null}},"type":"metric_msg"}
{"payload":{"local_timestamp":1680801743390,"metric":{"epoch":null,"metricName":"sys.compute.overall","metricValue":28.5,"step":null}},"type":"metric_msg"}
{"payload":{"local_timestamp":1680801743390,"metric":{"epoch":null,"metricName":"sys.compute.utilized","metricValue":0.0,"step":null}},"type":"metric_msg"}
{"payload":{"local_timestamp":1680801743390,"metric":{"epoch":null,"metricName":"sys.cpu.percent.01","metricValue":31.1,"step":null}},"type":"metric_msg"}
{"payload":{"local_timestamp":1680801743390,"metric":{"epoch":null,"metricName":"sys.cpu.percent.02","metricValue":34.6,"step":null}},"type":"metric_msg"}
{"payload":{"local_timestamp":1680801743390,"metric":{"epoch":null,"metricName":"sys.cpu.percent.03","metricValue":28.8,"step":null}},"type":"metric_msg"}
{"payload":{"local_timestamp":1680801743390,"metric":{"epoch":null,"metricName":"sys.cpu.percent.04","metricValue":19.5,"step":null}},"type":"metric_msg"}
{"payload":{"local_timestamp":1680801743391,"metric":{"epoch":null,"metricName":"sys.load.avg","metricValue":0.56,"step":null}},"type":"metric_msg"}
{"payload":{"local_timestamp":1680801743391,"metric":{"epoch":null,"metricName":"sys.ram.total","metricValue":16312332288,"step":null}},"type":"metric_msg"}
{"payload":{"local_timestamp":1680801743391,"metric":{"epoch":null,"metricName":"sys.ram.used","metricValue":5841866752,"step":null}},"type":"metric_msg"}
{"payload":{"local_timestamp":1680801804333,"metric":{"epoch":null,"metricName":"sys.cpu.percent.avg","metricValue":30.775,"step":null}},"type":"metric_msg"}
{"payload":{"local_timestamp":1680801804334,"metric":{"epoch":null,"metricName":"sys.compute.overall","metricValue":30.8,"step":null}},"type":"metric_msg"}
{"payload":{"local_timestamp":1680801804334,"metric":{"epoch":null,"metricName":"sys.compute.utilized","metricValue":0.0,"step":null}},"type":"metric_msg"}
{"payload":{"local_timestamp":1680801804334,"metric":{"epoch":null,"metricName":"sys.cpu.percent.01","metricValue":31.2,"step":null}},"type":"metric_msg"}
{"payload":{"local_timestamp":1680801804334,"metric":{"epoch":null,"metricName":"sys.cpu.percent.02","metricValue":48.6,"step":null}},"type":"metric_msg"}
{"payload":{"local_timestamp":1680801804334,"metric":{"epoch":null,"metricName":"sys.cpu.percent.03","metricValue":28.7,"step":null}},"type":"metric_msg"}
{"payload":{"local_timestamp":1680801804334,"metric":{"epoch":null,"metricName":"sys.cpu.percent.04","metricValue":14.6,"step":null}},"type":"metric_msg"}
{"payload":{"local_timestamp":1680801804334,"metric":{"epoch":null,"metricName":"sys.load.avg","metricValue":0.43,"step":null}},"type":"metric_msg"}
{"payload":{"local_timestamp":1680801804334,"metric":{"epoch":null,"metricName":"sys.ram.total","metricValue":16312332288,"step":null}},"type":"metric_msg"}
{"payload":{"local_timestamp":1680801804334,"metric":{"epoch":null,"metricName":"sys.ram.used","metricValue":5820743680,"step":null}},"type":"metric_msg"}
{"payload":{"local_timestamp":1680801865314,"metric":{"epoch":null,"metricName":"sys.cpu.percent.avg","metricValue":30.200000000000003,"step":null}},"type":"metric_msg"}
{"payload":{"local_timestamp":1680801865315,"metric":{"epoch":null,"metricName":"sys.compute.overall","metricValue":30.2,"step":null}},"type":"metric_msg"}
{"payload":{"local_timestamp":1680801865315,"metric":{"epoch":null,"metricName":"sys.compute.utilized","metricValue":5.0,"step":null}},"type":"metric_msg"}
{"payload":{"local_timestamp":1680801865315,"metric":{"epoch":null,"metricName":"sys.cpu.percent.01","metricValue":30.8,"step":null}},"type":"metric_msg"}
{"payload":{"local_timestamp":1680801865315,"metric":{"epoch":null,"metricName":"sys.cpu.percent.02","metricValue":48.1,"step":null}},"type":"metric_msg"}
{"payload":{"local_timestamp":1680801865315,"metric":{"epoch":null,"metricName":"sys.cpu.percent.03","metricValue":27.7,"step":null}},"type":"metric_msg"}
{"payload":{"local_timestamp":1680801865315,"metric":{"epoch":null,"metricName":"sys.cpu.percent.04","metricValue":14.2,"step":null}},"type":"metric_msg"}
{"payload":{"local_timestamp":1680801865315,"metric":{"epoch":null,"metricName":"sys.load.avg","metricValue":0.25,"step":null}},"type":"metric_msg"}
{"payload":{"local_timestamp":1680801865315,"metric":{"epoch":null,"metricName":"sys.ram.total","metricValue":16312332288,"step":null}},"type":"metric_msg"}
{"payload":{"local_timestamp":1680801865315,"metric":{"epoch":null,"metricName":"sys.ram.used","metricValue":5804568576,"step":null}},"type":"metric_msg"}
{"payload":{"local_timestamp":1680801881155,"output":"<class 'pandas.core.frame.DataFrame'>\nInt64Index: 110521 entries, 0 to 110526\nData columns (total 14 columns):\n #   Column          Non-Null Count   Dtype  \n---  ------          --------------   -----  \n 0   PatientId       110521 non-null  float64\n 1   AppointmentID   110521 non-null  int64  \n 2   Gender          110521 non-null  object \n 3   ScheduledDay    110521 non-null  object \n 4   AppointmentDay  110521 non-null  object \n 5   Age             110521 non-null  int64  \n 6   Neighbourhood   110521 non-null  object \n 7   Scholarship     110521 non-null  int64  \n 8   Hipertension    110521 non-null  int64  \n 9   Diabetes        110521 non-null  int64  \n 10  Alcoholism      110521 non-null  int64  \n 11  Handcap         110521 non-null  int64  \n 12  SMS_received    110521 non-null  int64  \n 13  No-show         110521 non-null  object \ndtypes: float64(1), int64(8), object(5)\nmemory usage: 12.6+ MB\n","stderr":false},"type":"standard_output"}
{"payload":{"local_timestamp":1680801926235,"metric":{"epoch":null,"metricName":"sys.cpu.percent.avg","metricValue":24.7,"step":null}},"type":"metric_msg"}
{"payload":{"local_timestamp":1680801926235,"metric":{"epoch":null,"metricName":"sys.compute.overall","metricValue":24.7,"step":null}},"type":"metric_msg"}
{"payload":{"local_timestamp":1680801926235,"metric":{"epoch":null,"metricName":"sys.compute.utilized","metricValue":35.1,"step":null}},"type":"metric_msg"}
{"payload":{"local_timestamp":1680801926236,"metric":{"epoch":null,"metricName":"sys.cpu.percent.01","metricValue":29.8,"step":null}},"type":"metric_msg"}
{"payload":{"local_timestamp":1680801926236,"metric":{"epoch":null,"metricName":"sys.cpu.percent.02","metricValue":28.9,"step":null}},"type":"metric_msg"}
{"payload":{"local_timestamp":1680801926236,"metric":{"epoch":null,"metricName":"sys.cpu.percent.03","metricValue":23.9,"step":null}},"type":"metric_msg"}
{"payload":{"local_timestamp":1680801926236,"metric":{"epoch":null,"metricName":"sys.cpu.percent.04","metricValue":16.2,"step":null}},"type":"metric_msg"}
{"payload":{"local_timestamp":1680801926236,"metric":{"epoch":null,"metricName":"sys.load.avg","metricValue":0.36,"step":null}},"type":"metric_msg"}
{"payload":{"local_timestamp":1680801926236,"metric":{"epoch":null,"metricName":"sys.ram.total","metricValue":16312332288,"step":null}},"type":"metric_msg"}
{"payload":{"local_timestamp":1680801926236,"metric":{"epoch":null,"metricName":"sys.ram.used","metricValue":5799559168,"step":null}},"type":"metric_msg"}
{"payload":{"local_timestamp":1680801987193,"metric":{"epoch":null,"metricName":"sys.cpu.percent.avg","metricValue":30.3,"step":null}},"type":"metric_msg"}
{"payload":{"local_timestamp":1680801987194,"metric":{"epoch":null,"metricName":"sys.compute.overall","metricValue":30.3,"step":null}},"type":"metric_msg"}
{"payload":{"local_timestamp":1680801987194,"metric":{"epoch":null,"metricName":"sys.compute.utilized","metricValue":5.0,"step":null}},"type":"metric_msg"}
{"payload":{"local_timestamp":1680801987194,"metric":{"epoch":null,"metricName":"sys.cpu.percent.01","metricValue":36.8,"step":null}},"type":"metric_msg"}
{"payload":{"local_timestamp":1680801987194,"metric":{"epoch":null,"metricName":"sys.cpu.percent.02","metricValue":42.6,"step":null}},"type":"metric_msg"}
{"payload":{"local_timestamp":1680801987194,"metric":{"epoch":null,"metricName":"sys.cpu.percent.03","metricValue":27.3,"step":null}},"type":"metric_msg"}
{"payload":{"local_timestamp":1680801987194,"metric":{"epoch":null,"metricName":"sys.cpu.percent.04","metricValue":14.5,"step":null}},"type":"metric_msg"}
{"payload":{"local_timestamp":1680801987194,"metric":{"epoch":null,"metricName":"sys.load.avg","metricValue":0.47,"step":null}},"type":"metric_msg"}
{"payload":{"local_timestamp":1680801987194,"metric":{"epoch":null,"metricName":"sys.ram.total","metricValue":16312332288,"step":null}},"type":"metric_msg"}
{"payload":{"local_timestamp":1680801987194,"metric":{"epoch":null,"metricName":"sys.ram.used","metricValue":5793869824,"step":null}},"type":"metric_msg"}
{"payload":{"local_timestamp":1680802048203,"metric":{"epoch":null,"metricName":"sys.cpu.percent.avg","metricValue":27.4,"step":null}},"type":"metric_msg"}
{"payload":{"local_timestamp":1680802048204,"metric":{"epoch":null,"metricName":"sys.compute.overall","metricValue":27.4,"step":null}},"type":"metric_msg"}
{"payload":{"local_timestamp":1680802048204,"metric":{"epoch":null,"metricName":"sys.compute.utilized","metricValue":0.0,"step":null}},"type":"metric_msg"}
{"payload":{"local_timestamp":1680802048204,"metric":{"epoch":null,"metricName":"sys.cpu.percent.01","metricValue":34.2,"step":null}},"type":"metric_msg"}
{"payload":{"local_timestamp":1680802048205,"metric":{"epoch":null,"metricName":"sys.cpu.percent.02","metricValue":41.4,"step":null}},"type":"metric_msg"}
{"payload":{"local_timestamp":1680802048205,"metric":{"epoch":null,"metricName":"sys.cpu.percent.03","metricValue":23.7,"step":null}},"type":"metric_msg"}
{"payload":{"local_timestamp":1680802048205,"metric":{"epoch":null,"metricName":"sys.cpu.percent.04","metricValue":10.3,"step":null}},"type":"metric_msg"}
{"payload":{"local_timestamp":1680802048205,"metric":{"epoch":null,"metricName":"sys.load.avg","metricValue":0.29,"step":null}},"type":"metric_msg"}
{"payload":{"local_timestamp":1680802048205,"metric":{"epoch":null,"metricName":"sys.ram.total","metricValue":16312332288,"step":null}},"type":"metric_msg"}
{"payload":{"local_timestamp":1680802048205,"metric":{"epoch":null,"metricName":"sys.ram.used","metricValue":5778771968,"step":null}},"type":"metric_msg"}
{"payload":{"local_timestamp":1680802109186,"metric":{"epoch":null,"metricName":"sys.cpu.percent.avg","metricValue":28.6,"step":null}},"type":"metric_msg"}
{"payload":{"local_timestamp":1680802109186,"metric":{"epoch":null,"metricName":"sys.compute.overall","metricValue":28.6,"step":null}},"type":"metric_msg"}
{"payload":{"local_timestamp":1680802109186,"metric":{"epoch":null,"metricName":"sys.compute.utilized","metricValue":0.0,"step":null}},"type":"metric_msg"}
{"payload":{"local_timestamp":1680802109186,"metric":{"epoch":null,"metricName":"sys.cpu.percent.01","metricValue":35.4,"step":null}},"type":"metric_msg"}
{"payload":{"local_timestamp":1680802109187,"metric":{"epoch":null,"metricName":"sys.cpu.percent.02","metricValue":42.4,"step":null}},"type":"metric_msg"}
{"payload":{"local_timestamp":1680802109187,"metric":{"epoch":null,"metricName":"sys.cpu.percent.03","metricValue":25.2,"step":null}},"type":"metric_msg"}
{"payload":{"local_timestamp":1680802109187,"metric":{"epoch":null,"metricName":"sys.cpu.percent.04","metricValue":11.4,"step":null}},"type":"metric_msg"}
{"payload":{"local_timestamp":1680802109187,"metric":{"epoch":null,"metricName":"sys.load.avg","metricValue":0.11,"step":null}},"type":"metric_msg"}
{"payload":{"local_timestamp":1680802109187,"metric":{"epoch":null,"metricName":"sys.ram.total","metricValue":16312332288,"step":null}},"type":"metric_msg"}
{"payload":{"local_timestamp":1680802109187,"metric":{"epoch":null,"metricName":"sys.ram.used","metricValue":5757902848,"step":null}},"type":"metric_msg"}
{"payload":{"local_timestamp":1680802170196,"metric":{"epoch":null,"metricName":"sys.cpu.percent.avg","metricValue":27.550000000000004,"step":null}},"type":"metric_msg"}
{"payload":{"local_timestamp":1680802170196,"metric":{"epoch":null,"metricName":"sys.compute.overall","metricValue":27.6,"step":null}},"type":"metric_msg"}
{"payload":{"local_timestamp":1680802170196,"metric":{"epoch":null,"metricName":"sys.compute.utilized","metricValue":0.0,"step":null}},"type":"metric_msg"}
{"payload":{"local_timestamp":1680802170196,"metric":{"epoch":null,"metricName":"sys.cpu.percent.01","metricValue":34.7,"step":null}},"type":"metric_msg"}
{"payload":{"local_timestamp":1680802170197,"metric":{"epoch":null,"metricName":"sys.cpu.percent.02","metricValue":41.6,"step":null}},"type":"metric_msg"}
{"payload":{"local_timestamp":1680802170197,"metric":{"epoch":null,"metricName":"sys.cpu.percent.03","metricValue":23.9,"step":null}},"type":"metric_msg"}
{"payload":{"local_timestamp":1680802170197,"metric":{"epoch":null,"metricName":"sys.cpu.percent.04","metricValue":10.0,"step":null}},"type":"metric_msg"}
{"payload":{"local_timestamp":1680802170197,"metric":{"epoch":null,"metricName":"sys.load.avg","metricValue":0.11,"step":null}},"type":"metric_msg"}
{"payload":{"local_timestamp":1680802170197,"metric":{"epoch":null,"metricName":"sys.ram.total","metricValue":16312332288,"step":null}},"type":"metric_msg"}
{"payload":{"local_timestamp":1680802170197,"metric":{"epoch":null,"metricName":"sys.ram.used","metricValue":5740228608,"step":null}},"type":"metric_msg"}
{"payload":{"local_timestamp":1680802231078,"metric":{"epoch":null,"metricName":"sys.cpu.percent.avg","metricValue":32.199999999999996,"step":null}},"type":"metric_msg"}
{"payload":{"local_timestamp":1680802231079,"metric":{"epoch":null,"metricName":"sys.compute.overall","metricValue":32.2,"step":null}},"type":"metric_msg"}
{"payload":{"local_timestamp":1680802231079,"metric":{"epoch":null,"metricName":"sys.compute.utilized","metricValue":0.0,"step":null}},"type":"metric_msg"}
{"payload":{"local_timestamp":1680802231079,"metric":{"epoch":null,"metricName":"sys.cpu.percent.01","metricValue":38.4,"step":null}},"type":"metric_msg"}
{"payload":{"local_timestamp":1680802231079,"metric":{"epoch":null,"metricName":"sys.cpu.percent.02","metricValue":45.4,"step":null}},"type":"metric_msg"}
{"payload":{"local_timestamp":1680802231079,"metric":{"epoch":null,"metricName":"sys.cpu.percent.03","metricValue":28.4,"step":null}},"type":"metric_msg"}
{"payload":{"local_timestamp":1680802231079,"metric":{"epoch":null,"metricName":"sys.cpu.percent.04","metricValue":16.6,"step":null}},"type":"metric_msg"}
{"payload":{"local_timestamp":1680802231079,"metric":{"epoch":null,"metricName":"sys.load.avg","metricValue":0.12,"step":null}},"type":"metric_msg"}
{"payload":{"local_timestamp":1680802231079,"metric":{"epoch":null,"metricName":"sys.ram.total","metricValue":16312332288,"step":null}},"type":"metric_msg"}
{"payload":{"local_timestamp":1680802231079,"metric":{"epoch":null,"metricName":"sys.ram.used","metricValue":5769998336,"step":null}},"type":"metric_msg"}
{"payload":{"local_timestamp":1680802274173,"param":{"paramName":"clip","paramValue":false,"source":"auto-logged","step":null}},"type":"parameter_msg"}
{"payload":{"local_timestamp":1680802274173,"param":{"paramName":"copy","paramValue":true,"source":"auto-logged","step":null}},"type":"parameter_msg"}
{"payload":{"local_timestamp":1680802274173,"params":{"paramName":"feature_range","paramValue":[0,1],"source":"auto-logged","step":null}},"type":"parameter_msg"}
{"payload":{"local_timestamp":1680802277903,"output":"(110521, 90)","stderr":false},"type":"standard_output"}
{"payload":{"local_timestamp":1680802277903,"output":"\n","stderr":false},"type":"standard_output"}
{"payload":{"local_timestamp":1680802291948,"metric":{"epoch":null,"metricName":"sys.cpu.percent.avg","metricValue":28.725,"step":null}},"type":"metric_msg"}
{"payload":{"local_timestamp":1680802291948,"metric":{"epoch":null,"metricName":"sys.compute.overall","metricValue":28.7,"step":null}},"type":"metric_msg"}
{"payload":{"local_timestamp":1680802291948,"metric":{"epoch":null,"metricName":"sys.compute.utilized","metricValue":0.0,"step":null}},"type":"metric_msg"}
{"payload":{"local_timestamp":1680802291948,"metric":{"epoch":null,"metricName":"sys.cpu.percent.01","metricValue":35.3,"step":null}},"type":"metric_msg"}
{"payload":{"local_timestamp":1680802291948,"metric":{"epoch":null,"metricName":"sys.cpu.percent.02","metricValue":38.1,"step":null}},"type":"metric_msg"}
{"payload":{"local_timestamp":1680802291949,"metric":{"epoch":null,"metricName":"sys.cpu.percent.03","metricValue":26.9,"step":null}},"type":"metric_msg"}
{"payload":{"local_timestamp":1680802291949,"metric":{"epoch":null,"metricName":"sys.cpu.percent.04","metricValue":14.6,"step":null}},"type":"metric_msg"}
{"payload":{"local_timestamp":1680802291949,"metric":{"epoch":null,"metricName":"sys.load.avg","metricValue":0.21,"step":null}},"type":"metric_msg"}
{"payload":{"local_timestamp":1680802291949,"metric":{"epoch":null,"metricName":"sys.ram.total","metricValue":16312332288,"step":null}},"type":"metric_msg"}
{"payload":{"local_timestamp":1680802291949,"metric":{"epoch":null,"metricName":"sys.ram.used","metricValue":5821587456,"step":null}},"type":"metric_msg"}
{"payload":{"local_timestamp":1680802296322,"param":{"paramName":"C","paramValue":1.0,"source":"auto-logged","step":null}},"type":"parameter_msg"}
{"payload":{"local_timestamp":1680802296323,"param":{"paramName":"class_weight","paramValue":null,"source":"auto-logged","step":null}},"type":"parameter_msg"}
{"payload":{"local_timestamp":1680802296323,"param":{"paramName":"dual","paramValue":false,"source":"auto-logged","step":null}},"type":"parameter_msg"}
{"payload":{"local_timestamp":1680802296323,"param":{"paramName":"fit_intercept","paramValue":true,"source":"auto-logged","step":null}},"type":"parameter_msg"}
{"payload":{"local_timestamp":1680802296323,"param":{"paramName":"intercept_scaling","paramValue":1,"source":"auto-logged","step":null}},"type":"parameter_msg"}
{"payload":{"local_timestamp":1680802296324,"param":{"paramName":"l1_ratio","paramValue":null,"source":"auto-logged","step":null}},"type":"parameter_msg"}
{"payload":{"local_timestamp":1680802296324,"param":{"paramName":"max_iter","paramValue":100,"source":"auto-logged","step":null}},"type":"parameter_msg"}
{"payload":{"local_timestamp":1680802296324,"param":{"paramName":"multi_class","paramValue":"auto","source":"auto-logged","step":null}},"type":"parameter_msg"}
{"payload":{"local_timestamp":1680802296324,"param":{"paramName":"n_jobs","paramValue":null,"source":"auto-logged","step":null}},"type":"parameter_msg"}
{"payload":{"local_timestamp":1680802296324,"param":{"paramName":"penalty","paramValue":"l2","source":"auto-logged","step":null}},"type":"parameter_msg"}
{"payload":{"local_timestamp":1680802296324,"param":{"paramName":"random_state","paramValue":null,"source":"auto-logged","step":null}},"type":"parameter_msg"}
{"payload":{"local_timestamp":1680802296324,"param":{"paramName":"solver","paramValue":"lbfgs","source":"auto-logged","step":null}},"type":"parameter_msg"}
{"payload":{"local_timestamp":1680802296324,"param":{"paramName":"tol","paramValue":0.0001,"source":"auto-logged","step":null}},"type":"parameter_msg"}
{"payload":{"local_timestamp":1680802296324,"param":{"paramName":"verbose","paramValue":0,"source":"auto-logged","step":null}},"type":"parameter_msg"}
{"payload":{"local_timestamp":1680802296324,"param":{"paramName":"warm_start","paramValue":false,"source":"auto-logged","step":null}},"type":"parameter_msg"}
{"payload":{"local_timestamp":1680802300778,"output":"c:\\Users\\\u043f\u043e\u043b\u044c\u0437\u043e\u0432\u0430\u0442\u0435\u043b\u044c\\AppData\\Local\\Programs\\Python\\Python39\\lib\\site-packages\\sklearn\\linear_model\\_logistic.py:458: ConvergenceWarning: lbfgs failed to converge (status=1):\nSTOP: TOTAL NO. of ITERATIONS REACHED LIMIT.\n\nIncrease the number of iterations (max_iter) or scale the data as shown in:\n    https://scikit-learn.org/stable/modules/preprocessing.html\nPlease also refer to the documentation for alternative solver options:\n    https://scikit-learn.org/stable/modules/linear_model.html#logistic-regression\n  n_iter_i = _check_optimize_result(\n","stderr":true},"type":"standard_output"}
{"payload":{"local_timestamp":1680802309259,"param":{"paramName":"model_type","paramValue":"logreg","source":"manual","step":null}},"type":"parameter_msg"}
{"payload":{"local_timestamp":1680802309260,"param":{"paramName":"random_state","paramValue":42,"source":"manual","step":null}},"type":"parameter_msg"}
{"payload":{"local_timestamp":1680802320570,"output":"\u0414\u043e\u043b\u044f \u043f\u0440\u0430\u0432\u0438\u043b\u044c\u043d\u044b\u0445 \u043e\u0442\u0432\u0435\u0442\u043e\u0432:  0.798","stderr":false},"type":"standard_output"}
{"payload":{"local_timestamp":1680802320570,"output":"\n","stderr":false},"type":"standard_output"}
{"payload":{"local_timestamp":1680802330943,"metric":{"epoch":null,"metricName":"accuracy","metricValue":0.7980836221170637,"step":null}},"type":"metric_msg"}
{"payload":{"local_timestamp":1680802352792,"metric":{"epoch":null,"metricName":"sys.cpu.percent.avg","metricValue":28.875000000000004,"step":null}},"type":"metric_msg"}
{"payload":{"local_timestamp":1680802352792,"metric":{"epoch":null,"metricName":"sys.compute.overall","metricValue":28.9,"step":null}},"type":"metric_msg"}
{"payload":{"local_timestamp":1680802352792,"metric":{"epoch":null,"metricName":"sys.compute.utilized","metricValue":0.0,"step":null}},"type":"metric_msg"}
{"payload":{"local_timestamp":1680802352792,"metric":{"epoch":null,"metricName":"sys.cpu.percent.01","metricValue":34.6,"step":null}},"type":"metric_msg"}
{"payload":{"local_timestamp":1680802352792,"metric":{"epoch":null,"metricName":"sys.cpu.percent.02","metricValue":32.6,"step":null}},"type":"metric_msg"}
{"payload":{"local_timestamp":1680802352792,"metric":{"epoch":null,"metricName":"sys.cpu.percent.03","metricValue":28.6,"step":null}},"type":"metric_msg"}
{"payload":{"local_timestamp":1680802352792,"metric":{"epoch":null,"metricName":"sys.cpu.percent.04","metricValue":19.7,"step":null}},"type":"metric_msg"}
{"payload":{"local_timestamp":1680802352792,"metric":{"epoch":null,"metricName":"sys.load.avg","metricValue":0.87,"step":null}},"type":"metric_msg"}
{"payload":{"local_timestamp":1680802352792,"metric":{"epoch":null,"metricName":"sys.ram.total","metricValue":16312332288,"step":null}},"type":"metric_msg"}
{"payload":{"local_timestamp":1680802352793,"metric":{"epoch":null,"metricName":"sys.ram.used","metricValue":5952049152,"step":null}},"type":"metric_msg"}
{"payload":{"additional_params":{"assetId":"657b02da29e34b5b8205b253b7a18ca7","context":null,"epoch":null,"extension":"json","fileName":"confusion-matrix.json","overwrite":false,"runId":"Q4qgKnSmkT2xX7RQs5kf1fBPJ","step":null,"type":"confusion-matrix"},"clean":true,"file_path":"tmp95to68mq","local_timestamp":1680802388233,"metadata":{},"upload_type":"confusion-matrix"},"type":"file_upload"}
{"payload":{"local_timestamp":1680802413725,"metric":{"epoch":null,"metricName":"sys.cpu.percent.avg","metricValue":38.35,"step":null}},"type":"metric_msg"}
{"payload":{"local_timestamp":1680802413725,"metric":{"epoch":null,"metricName":"sys.compute.overall","metricValue":38.4,"step":null}},"type":"metric_msg"}
{"payload":{"local_timestamp":1680802413725,"metric":{"epoch":null,"metricName":"sys.compute.utilized","metricValue":0.0,"step":null}},"type":"metric_msg"}
{"payload":{"local_timestamp":1680802413725,"metric":{"epoch":null,"metricName":"sys.cpu.percent.01","metricValue":43.5,"step":null}},"type":"metric_msg"}
{"payload":{"local_timestamp":1680802413725,"metric":{"epoch":null,"metricName":"sys.cpu.percent.02","metricValue":39.4,"step":null}},"type":"metric_msg"}
{"payload":{"local_timestamp":1680802413725,"metric":{"epoch":null,"metricName":"sys.cpu.percent.03","metricValue":39.1,"step":null}},"type":"metric_msg"}
{"payload":{"local_timestamp":1680802413725,"metric":{"epoch":null,"metricName":"sys.cpu.percent.04","metricValue":31.4,"step":null}},"type":"metric_msg"}
{"payload":{"local_timestamp":1680802413726,"metric":{"epoch":null,"metricName":"sys.load.avg","metricValue":0.76,"step":null}},"type":"metric_msg"}
{"payload":{"local_timestamp":1680802413726,"metric":{"epoch":null,"metricName":"sys.ram.total","metricValue":16312332288,"step":null}},"type":"metric_msg"}
{"payload":{"local_timestamp":1680802413726,"metric":{"epoch":null,"metricName":"sys.ram.used","metricValue":6055161856,"step":null}},"type":"metric_msg"}
{"payload":{"local_timestamp":1680802474621,"metric":{"epoch":null,"metricName":"sys.cpu.percent.avg","metricValue":21.825000000000003,"step":null}},"type":"metric_msg"}
{"payload":{"local_timestamp":1680802474622,"metric":{"epoch":null,"metricName":"sys.compute.overall","metricValue":21.8,"step":null}},"type":"metric_msg"}
{"payload":{"local_timestamp":1680802474622,"metric":{"epoch":null,"metricName":"sys.compute.utilized","metricValue":0.0,"step":null}},"type":"metric_msg"}
{"payload":{"local_timestamp":1680802474622,"metric":{"epoch":null,"metricName":"sys.cpu.percent.01","metricValue":28.1,"step":null}},"type":"metric_msg"}
{"payload":{"local_timestamp":1680802474622,"metric":{"epoch":null,"metricName":"sys.cpu.percent.02","metricValue":23.2,"step":null}},"type":"metric_msg"}
{"payload":{"local_timestamp":1680802474622,"metric":{"epoch":null,"metricName":"sys.cpu.percent.03","metricValue":22.1,"step":null}},"type":"metric_msg"}
{"payload":{"local_timestamp":1680802474622,"metric":{"epoch":null,"metricName":"sys.cpu.percent.04","metricValue":13.9,"step":null}},"type":"metric_msg"}
{"payload":{"local_timestamp":1680802474623,"metric":{"epoch":null,"metricName":"sys.load.avg","metricValue":0.28,"step":null}},"type":"metric_msg"}
{"payload":{"local_timestamp":1680802474624,"metric":{"epoch":null,"metricName":"sys.ram.total","metricValue":16312332288,"step":null}},"type":"metric_msg"}
{"payload":{"local_timestamp":1680802474624,"metric":{"epoch":null,"metricName":"sys.ram.used","metricValue":6042247168,"step":null}},"type":"metric_msg"}
{"payload":{"local_timestamp":1680802535536,"metric":{"epoch":null,"metricName":"sys.cpu.percent.avg","metricValue":30.95,"step":null}},"type":"metric_msg"}
{"payload":{"local_timestamp":1680802535536,"metric":{"epoch":null,"metricName":"sys.compute.overall","metricValue":30.9,"step":null}},"type":"metric_msg"}
{"payload":{"local_timestamp":1680802535536,"metric":{"epoch":null,"metricName":"sys.compute.utilized","metricValue":0.0,"step":null}},"type":"metric_msg"}
{"payload":{"local_timestamp":1680802535537,"metric":{"epoch":null,"metricName":"sys.cpu.percent.01","metricValue":34.6,"step":null}},"type":"metric_msg"}
{"payload":{"local_timestamp":1680802535537,"metric":{"epoch":null,"metricName":"sys.cpu.percent.02","metricValue":37.5,"step":null}},"type":"metric_msg"}
{"payload":{"local_timestamp":1680802535537,"metric":{"epoch":null,"metricName":"sys.cpu.percent.03","metricValue":28.5,"step":null}},"type":"metric_msg"}
{"payload":{"local_timestamp":1680802535537,"metric":{"epoch":null,"metricName":"sys.cpu.percent.04","metricValue":23.2,"step":null}},"type":"metric_msg"}
{"payload":{"local_timestamp":1680802535537,"metric":{"epoch":null,"metricName":"sys.load.avg","metricValue":0.17,"step":null}},"type":"metric_msg"}
{"payload":{"local_timestamp":1680802535537,"metric":{"epoch":null,"metricName":"sys.ram.total","metricValue":16312332288,"step":null}},"type":"metric_msg"}
{"payload":{"local_timestamp":1680802535537,"metric":{"epoch":null,"metricName":"sys.ram.used","metricValue":6121136128,"step":null}},"type":"metric_msg"}
{"payload":{"local_timestamp":1680802596455,"metric":{"epoch":null,"metricName":"sys.cpu.percent.avg","metricValue":34.775,"step":null}},"type":"metric_msg"}
{"payload":{"local_timestamp":1680802596455,"metric":{"epoch":null,"metricName":"sys.compute.overall","metricValue":34.8,"step":null}},"type":"metric_msg"}
{"payload":{"local_timestamp":1680802596455,"metric":{"epoch":null,"metricName":"sys.compute.utilized","metricValue":0.0,"step":null}},"type":"metric_msg"}
{"payload":{"local_timestamp":1680802596456,"metric":{"epoch":null,"metricName":"sys.cpu.percent.01","metricValue":40.0,"step":null}},"type":"metric_msg"}
{"payload":{"local_timestamp":1680802596456,"metric":{"epoch":null,"metricName":"sys.cpu.percent.02","metricValue":37.8,"step":null}},"type":"metric_msg"}
{"payload":{"local_timestamp":1680802596456,"metric":{"epoch":null,"metricName":"sys.cpu.percent.03","metricValue":33.9,"step":null}},"type":"metric_msg"}
{"payload":{"local_timestamp":1680802596456,"metric":{"epoch":null,"metricName":"sys.cpu.percent.04","metricValue":27.4,"step":null}},"type":"metric_msg"}
{"payload":{"local_timestamp":1680802596456,"metric":{"epoch":null,"metricName":"sys.load.avg","metricValue":0.21,"step":null}},"type":"metric_msg"}
{"payload":{"local_timestamp":1680802596456,"metric":{"epoch":null,"metricName":"sys.ram.total","metricValue":16312332288,"step":null}},"type":"metric_msg"}
{"payload":{"local_timestamp":1680802596456,"metric":{"epoch":null,"metricName":"sys.ram.used","metricValue":6192816128,"step":null}},"type":"metric_msg"}
{"payload":{"local_timestamp":1680802621043,"output":"COMET ERROR: Heartbeat processing error\n","stderr":true},"type":"standard_output"}
{"payload":{"additional_params":{"assetId":"b27a6413e03141a2b0b9687193195680","context":null,"epoch":null,"fileName":"Jupyter interactive","overwrite":false,"runId":"Q4qgKnSmkT2xX7RQs5kf1fBPJ","step":null,"type":"source_code"},"clean":true,"file_path":"tmpbp9mg7aj","local_timestamp":1680802624990,"metadata":{"source_code_type":"experiment_creation"},"upload_type":"source_code"},"type":"file_upload"}
{"payload":{"additional_params":{"assetId":"d0795e7bf60c4b2bbd7e711459530450","context":null,"epoch":null,"extension":"ipynb","fileName":"Code.ipynb","overwrite":true,"runId":"Q4qgKnSmkT2xX7RQs5kf1fBPJ","step":null,"type":"notebook"},"clean":true,"file_path":"tmpra9g9y0f","local_timestamp":1680802625057,"metadata":{},"upload_type":"notebook"},"type":"file_upload"}
{"payload":{"key":"Created from","value":"scikit-learn"},"type":"log_other"}
{"payload":{"local_timestamp":1680802624986,"output":"COMET INFO: ---------------------------------------------------------------------------------------\n","stderr":true},"type":"standard_output"}
{"payload":{"local_timestamp":1680802624989,"output":"COMET INFO: Comet.ml Experiment Summary\n","stderr":true},"type":"standard_output"}
{"payload":{"local_timestamp":1680802624992,"output":"COMET INFO: ---------------------------------------------------------------------------------------\n","stderr":true},"type":"standard_output"}
{"payload":{"local_timestamp":1680802624994,"output":"COMET INFO:   Data:\n","stderr":true},"type":"standard_output"}
{"payload":{"local_timestamp":1680802624996,"output":"COMET INFO:     display_summary_level : 1\n","stderr":true},"type":"standard_output"}
{"payload":{"local_timestamp":1680802624998,"output":"COMET INFO:     url                   : https://www.comet.com/nikolaykordiukov/medical-appointment/3a69572d5f10449d84ed735fa4baccbd\n","stderr":true},"type":"standard_output"}
{"payload":{"local_timestamp":1680802625000,"output":"COMET INFO:   Metrics:\n","stderr":true},"type":"standard_output"}
{"payload":{"local_timestamp":1680802625002,"output":"COMET INFO:     accuracy : 0.7980836221170637\n","stderr":true},"type":"standard_output"}
{"payload":{"local_timestamp":1680802625007,"output":"COMET INFO:   Parameters:\n","stderr":true},"type":"standard_output"}
{"payload":{"local_timestamp":1680802625009,"output":"COMET INFO:     C                 : 1.0\n","stderr":true},"type":"standard_output"}
{"payload":{"local_timestamp":1680802625011,"output":"COMET INFO:     class_weight      : 1\n","stderr":true},"type":"standard_output"}
{"payload":{"local_timestamp":1680802625014,"output":"COMET INFO:     clip              : False\n","stderr":true},"type":"standard_output"}
{"payload":{"local_timestamp":1680802625015,"output":"COMET INFO:     copy              : True\n","stderr":true},"type":"standard_output"}
{"payload":{"local_timestamp":1680802625018,"output":"COMET INFO:     dual              : False\n","stderr":true},"type":"standard_output"}
{"payload":{"local_timestamp":1680802625020,"output":"COMET INFO:     feature_range     : (0, 1)\n","stderr":true},"type":"standard_output"}
{"payload":{"local_timestamp":1680802625022,"output":"COMET INFO:     fit_intercept     : True\n","stderr":true},"type":"standard_output"}
{"payload":{"local_timestamp":1680802625024,"output":"COMET INFO:     intercept_scaling : 1\n","stderr":true},"type":"standard_output"}
{"payload":{"local_timestamp":1680802625026,"output":"COMET INFO:     l1_ratio          : 1\n","stderr":true},"type":"standard_output"}
{"payload":{"local_timestamp":1680802625030,"output":"COMET INFO:     max_iter          : 100\n","stderr":true},"type":"standard_output"}
{"payload":{"local_timestamp":1680802625032,"output":"COMET INFO:     model_type        : logreg\n","stderr":true},"type":"standard_output"}
{"payload":{"local_timestamp":1680802625034,"output":"COMET INFO:     multi_class       : auto\n","stderr":true},"type":"standard_output"}
{"payload":{"local_timestamp":1680802625039,"output":"COMET INFO:     n_jobs            : 1\n","stderr":true},"type":"standard_output"}
{"payload":{"local_timestamp":1680802625040,"output":"COMET INFO:     penalty           : l2\n","stderr":true},"type":"standard_output"}
{"payload":{"local_timestamp":1680802625042,"output":"COMET INFO:     random_state      : 42\n","stderr":true},"type":"standard_output"}
{"payload":{"local_timestamp":1680802625043,"output":"COMET INFO:     solver            : lbfgs\n","stderr":true},"type":"standard_output"}
{"payload":{"local_timestamp":1680802625045,"output":"COMET INFO:     tol               : 0.0001\n","stderr":true},"type":"standard_output"}
{"payload":{"local_timestamp":1680802625046,"output":"COMET INFO:     verbose           : 0\n","stderr":true},"type":"standard_output"}
{"payload":{"local_timestamp":1680802625054,"output":"COMET INFO:     warm_start        : False\n","stderr":true},"type":"standard_output"}
{"payload":{"local_timestamp":1680802625058,"output":"COMET INFO:   Uploads:\n","stderr":true},"type":"standard_output"}
{"payload":{"local_timestamp":1680802625062,"output":"COMET INFO:     confusion-matrix         : 1\n","stderr":true},"type":"standard_output"}
{"payload":{"local_timestamp":1680802625064,"output":"COMET INFO:     environment details      : 1\n","stderr":true},"type":"standard_output"}
{"payload":{"local_timestamp":1680802625069,"output":"COMET INFO:     figures                  : 2\n","stderr":true},"type":"standard_output"}
{"payload":{"local_timestamp":1680802625072,"output":"COMET INFO:     filename                 : 1\n","stderr":true},"type":"standard_output"}
{"payload":{"local_timestamp":1680802625074,"output":"COMET INFO:     git metadata             : 1\n","stderr":true},"type":"standard_output"}
{"payload":{"local_timestamp":1680802625076,"output":"COMET INFO:     git-patch (uncompressed) : 1 (3.00 MB)\n","stderr":true},"type":"standard_output"}
{"payload":{"local_timestamp":1680802625078,"output":"COMET INFO:     installed packages       : 1\n","stderr":true},"type":"standard_output"}
{"payload":{"local_timestamp":1680802625080,"output":"COMET INFO:     notebook                 : 1\n","stderr":true},"type":"standard_output"}
{"payload":{"local_timestamp":1680802625082,"output":"COMET INFO:     source_code              : 1\n","stderr":true},"type":"standard_output"}
{"payload":{"local_timestamp":1680802625084,"output":"COMET INFO: \n","stderr":true},"type":"standard_output"}
